CO_TAZID,MF_Units,SF_Units
110001,0.0,13.0
110002,0.0,56.0
110003,0.0,27.0
110004,4.0,29.0
110005,0.0,26.0
110006,0.0,135.0
110007,0.0,156.0
110008,1.0,53.0
110009,0.0,103.0
110010,1.0,193.0
110011,1.0,153.0
110012,5.0,158.0
110013,23.0,275.0
110014,3.0,517.0
110015,72.0,315.0
110016,0.0,180.0
110017,0.0,88.0
110018,0.0,95.0
110019,68.0,150.0
110020,13.0,380.0
110021,0.0,48.0
110022,0.0,238.0
110023,0.0,358.0
110024,0.0,19.0
110025,2.0,330.0
110026,0.0,308.0
110027,12.0,195.0
110028,86.0,794.0
110029,0.0,84.0
110030,14.0,378.0
110031,0.0,466.0
110032,1.0,148.0
110033,0.0,874.0
110034,0.0,171.0
110035,1.0,395.0
110036,0.0,504.0
110037,0.0,254.0
110038,0.0,1.0
110039,0.0,365.0
110040,203.0,365.0
110041,244.0,280.0
110043,88.0,433.0
110044,107.0,391.0
110046,22.0,367.0
110054,27.0,127.0
110055,14.0,355.0
110056,72.0,493.0
110057,63.0,616.0
110058,0.0,4.0
110060,0.0,45.0
110061,46.0,391.0
110062,292.0,329.0
110063,21.0,429.0
110064,196.0,438.0
110065,235.0,517.0
110067,128.0,405.0
110068,0.0,202.0
110069,85.0,316.0
110071,0.0,34.0
110072,228.0,11.0
110073,109.0,474.0
110074,0.0,57.0
110075,0.0,379.0
110076,0.0,1.0
110077,416.0,45.0
110078,164.0,60.0
110079,64.0,290.0
110080,769.0,74.0
110081,546.0,40.0
110082,116.0,11.0
110083,744.0,9.0
110084,29.0,761.0
110085,328.0,802.0
110086,0.0,254.0
110087,0.0,97.0
110088,1.0,165.0
110089,0.0,859.0
110090,0.0,332.0
110091,1.0,371.0
110092,0.0,239.0
110093,2.0,372.0
110094,79.0,721.0
110095,0.0,5.0
110096,0.0,384.0
110097,0.0,383.0
110098,2.0,671.0
110099,116.0,597.0
110100,147.0,504.0
110101,44.0,629.0
110102,0.0,29.0
110103,13.0,57.0
110104,24.0,238.0
110105,0.0,416.0
110106,2.0,602.0
110107,0.0,388.0
110109,360.0,208.0
110110,239.0,301.0
110111,0.0,616.0
110112,951.0,413.0
110113,598.0,0.0
110114,0.0,30.0
110115,0.0,376.0
110116,11.0,657.0
110117,0.0,956.0
110118,7.0,226.0
110119,376.0,206.0
110120,523.0,256.0
110121,155.0,842.0
110122,901.0,198.0
110123,748.0,169.0
110124,386.0,1328.0
110125,0.0,102.0
110126,143.0,804.0
110127,0.0,1103.0
110128,0.0,143.0
110129,419.0,83.0
110131,63.0,15.0
110132,135.0,645.0
110133,32.0,579.0
110134,45.0,308.0
110135,1.0,161.0
110136,8.0,284.0
110137,0.0,27.0
110139,439.0,42.0
110140,30.0,543.0
110141,22.0,124.0
110142,378.0,754.0
110143,307.0,987.0
110144,0.0,218.0
110145,2.0,193.0
110146,0.0,43.0
110147,0.0,190.0
110148,32.0,255.0
110149,147.0,776.0
110150,0.0,207.0
110151,0.0,202.0
110152,0.0,98.0
110153,0.0,276.0
110154,0.0,430.0
110155,2.0,263.0
110156,229.0,166.0
110157,101.0,21.0
110158,514.0,993.0
110159,0.0,3.0
110160,0.0,170.0
110161,0.0,352.0
110162,56.0,517.0
110163,21.0,909.0
110164,0.0,27.0
110165,0.0,90.0
110166,419.0,387.0
110167,22.0,407.0
110168,0.0,170.0
110169,0.0,429.0
110170,0.0,18.0
110171,54.0,8.0
110172,0.0,1.0
110173,0.0,447.0
110174,4.0,422.0
110175,2.0,389.0
110176,126.0,563.0
110177,149.0,492.0
110178,4.0,264.0
110179,39.0,562.0
110180,6.0,297.0
110181,0.0,370.0
110182,0.0,385.0
110183,0.0,1109.0
110184,6.0,252.0
110185,0.0,190.0
110186,17.0,194.0
110187,46.0,467.0
110188,327.0,267.0
110189,0.0,642.0
110190,44.0,497.0
110191,0.0,300.0
110192,14.0,431.0
110193,69.0,194.0
110194,327.0,5.0
110195,593.0,169.0
110196,0.0,44.0
110197,0.0,817.0
110198,20.0,236.0
110199,144.0,0.0
110200,0.0,7.0
110201,26.0,250.0
110202,0.0,6.0
110203,0.0,273.0
110204,0.0,464.0
110205,80.0,191.0
110206,106.0,192.0
110207,74.0,156.0
110208,57.0,426.0
110209,4.0,342.0
110210,0.0,1.0
110211,0.0,36.0
110212,104.0,473.0
110214,38.0,337.0
110215,4.0,299.0
110216,108.0,334.0
110217,0.0,392.0
110218,0.0,485.0
110221,50.0,186.0
110222,389.0,171.0
110223,0.0,248.0
110224,2.0,724.0
110225,376.0,4.0
110226,48.0,5.0
110227,490.0,98.0
110228,68.0,211.0
110229,284.0,25.0
110230,145.0,296.0
110231,178.0,117.0
110233,0.0,181.0
110234,0.0,438.0
110235,0.0,2.0
110236,2.0,88.0
110237,78.0,300.0
110238,8.0,481.0
110239,0.0,4.0
110240,2.0,55.0
110241,8.0,65.0
110242,78.0,26.0
110244,401.0,377.0
110245,527.0,254.0
110246,175.0,411.0
110247,8.0,695.0
110248,0.0,358.0
110249,530.0,211.0
110250,215.0,134.0
110251,220.0,338.0
110252,18.0,358.0
110253,0.0,344.0
110254,0.0,551.0
110255,52.0,206.0
110256,273.0,74.0
110257,295.0,203.0
110258,49.0,270.0
110259,82.0,391.0
110260,11.0,356.0
110261,10.0,490.0
110262,0.0,155.0
110263,348.0,134.0
110264,102.0,2.0
110265,130.0,294.0
110266,101.0,452.0
110267,142.0,814.0
110268,0.0,177.0
110269,36.0,318.0
110270,0.0,206.0
110271,10.0,505.0
110272,30.0,326.0
110273,133.0,177.0
110274,236.0,128.0
110275,175.0,274.0
110276,38.0,648.0
110277,0.0,388.0
110279,67.0,30.0
110280,0.0,1.0
110281,75.0,204.0
110282,0.0,250.0
110283,80.0,289.0
110284,165.0,29.0
110285,86.0,358.0
110286,2.0,1.0
110287,31.0,790.0
110288,0.0,12.0
110289,62.0,262.0
110290,58.0,273.0
110291,4.0,90.0
110292,317.0,2.0
110293,435.0,643.0
110295,460.0,915.0
110298,127.0,11.0
110299,389.0,60.0
110302,186.0,314.0
110303,424.0,155.0
110304,89.0,143.0
110305,25.0,375.0
110306,0.0,335.0
110310,467.0,9.0
110311,2.0,679.0
110313,406.0,302.0
110314,0.0,271.0
110315,0.0,259.0
350021,45.0,262.0
350028,0.0,187.0
350029,3.0,156.0
350031,0.0,76.0
350033,2.0,49.0
350034,0.0,44.0
350036,0.0,237.0
350043,0.0,6.0
350044,21.0,23.0
350046,607.0,748.0
350047,132.0,20.0
350055,82.0,566.0
350056,6.0,712.0
350057,26.0,455.0
350059,172.0,393.0
350061,123.0,81.0
350062,92.0,270.0
350063,118.0,336.0
350064,0.0,366.0
350065,723.0,35.0
350066,335.0,189.0
350067,140.0,45.0
350068,543.0,143.0
350069,161.0,726.0
350075,353.0,338.0
350076,115.0,405.0
350077,18.0,315.0
350078,0.0,250.0
350079,1150.0,285.0
350080,591.0,9.0
350081,12.0,85.0
350082,57.0,450.0
350083,51.0,90.0
350084,163.0,246.0
350085,270.0,33.0
350086,219.0,122.0
350087,940.0,0.0
350089,283.0,81.0
350090,1136.0,41.0
350091,375.0,95.0
350092,333.0,186.0
350093,486.0,44.0
350095,96.0,191.0
350096,340.0,208.0
350097,141.0,319.0
350098,382.0,253.0
350099,107.0,326.0
350100,2.0,43.0
350101,13.0,411.0
350106,0.0,1.0
350111,433.0,3.0
350113,0.0,4.0
350114,28.0,77.0
350115,4.0,32.0
350116,21.0,52.0
350117,86.0,14.0
350119,4.0,2.0
350120,562.0,4.0
350121,441.0,0.0
350122,424.0,0.0
350129,359.0,0.0
350131,145.0,0.0
350132,135.0,0.0
350133,1002.0,2.0
350134,610.0,56.0
350136,334.0,0.0
350137,221.0,2.0
350138,537.0,88.0
350139,175.0,1.0
350140,530.0,148.0
350141,470.0,25.0
350142,252.0,231.0
350143,364.0,94.0
350144,164.0,221.0
350145,366.0,56.0
350154,0.0,5.0
350155,350.0,122.0
350156,262.0,177.0
350157,73.0,183.0
350158,40.0,209.0
350159,69.0,207.0
350160,100.0,0.0
350161,151.0,0.0
350162,159.0,0.0
350164,363.0,0.0
350165,128.0,0.0
350166,249.0,0.0
350167,243.0,0.0
350168,231.0,0.0
350169,60.0,0.0
350170,40.0,0.0
350172,357.0,0.0
350174,80.0,0.0
350177,121.0,0.0
350178,14.0,0.0
350179,177.0,0.0
350180,178.0,0.0
350181,372.0,0.0
350182,211.0,0.0
350183,320.0,1.0
350184,157.0,0.0
350185,381.0,0.0
350186,307.0,0.0
350187,297.0,2.0
350188,217.0,0.0
350189,548.0,6.0
350190,103.0,23.0
350191,267.0,14.0
350192,487.0,52.0
350193,515.0,104.0
350194,482.0,79.0
350195,311.0,150.0
350196,178.0,106.0
350201,0.0,1.0
350203,549.0,246.0
350204,82.0,275.0
350205,21.0,216.0
350206,99.0,156.0
350207,29.0,98.0
350208,26.0,62.0
350209,100.0,2.0
350210,49.0,0.0
350211,174.0,0.0
350215,0.0,3.0
350216,0.0,1.0
350219,193.0,42.0
350220,150.0,12.0
350221,0.0,1.0
350222,0.0,1.0
350223,175.0,39.0
350224,12.0,0.0
350225,272.0,0.0
350232,274.0,0.0
350235,130.0,16.0
350239,119.0,51.0
350240,246.0,2.0
350241,137.0,0.0
350243,410.0,66.0
350244,49.0,42.0
350245,331.0,19.0
350247,125.0,76.0
350248,313.0,112.0
350249,128.0,20.0
350250,142.0,0.0
350251,292.0,193.0
350252,144.0,25.0
350254,341.0,264.0
350255,463.0,102.0
350256,346.0,48.0
350257,230.0,200.0
350258,497.0,155.0
350259,297.0,138.0
350260,123.0,247.0
350261,187.0,33.0
350267,0.0,1.0
350273,50.0,417.0
350274,69.0,331.0
350275,66.0,486.0
350276,25.0,153.0
350277,32.0,34.0
350278,23.0,107.0
350279,26.0,69.0
350281,3.0,15.0
350283,1.0,6.0
350284,16.0,4.0
350285,170.0,20.0
350286,190.0,106.0
350287,168.0,4.0
350288,201.0,21.0
350289,161.0,438.0
350290,226.0,433.0
350292,289.0,392.0
350293,169.0,439.0
350294,2.0,224.0
350295,56.0,270.0
350296,6.0,320.0
350297,8.0,141.0
350298,36.0,487.0
350299,210.0,379.0
350300,4.0,207.0
350301,554.0,366.0
350302,0.0,1.0
350312,297.0,1.0
350313,40.0,249.0
350314,48.0,310.0
350315,105.0,170.0
350316,12.0,46.0
350317,8.0,23.0
350318,44.0,185.0
350321,0.0,3.0
350322,210.0,2.0
350323,368.0,22.0
350324,93.0,107.0
350325,44.0,39.0
350326,330.0,234.0
350327,236.0,477.0
350328,149.0,427.0
350329,150.0,432.0
350330,287.0,394.0
350331,149.0,438.0
350332,33.0,153.0
350333,60.0,550.0
350334,17.0,193.0
350335,76.0,402.0
350336,12.0,321.0
350337,24.0,378.0
350338,68.0,399.0
350339,98.0,201.0
350340,2.0,494.0
350344,0.0,11.0
350348,0.0,1.0
350350,276.0,106.0
350351,252.0,169.0
350352,34.0,36.0
350353,252.0,373.0
350354,203.0,468.0
350355,182.0,441.0
350356,211.0,375.0
350357,183.0,289.0
350358,133.0,112.0
350359,225.0,278.0
350360,92.0,420.0
350361,56.0,432.0
350362,32.0,421.0
350363,148.0,377.0
350364,156.0,340.0
350365,110.0,296.0
350366,185.0,123.0
350367,106.0,75.0
350368,865.0,38.0
350369,154.0,40.0
350370,147.0,0.0
350371,562.0,63.0
350373,64.0,457.0
350374,8.0,294.0
350375,453.0,307.0
350376,24.0,353.0
350377,127.0,217.0
350378,159.0,119.0
350379,325.0,223.0
350380,97.0,102.0
350381,324.0,205.0
350382,0.0,33.0
350384,62.0,126.0
350385,85.0,668.0
350386,59.0,293.0
350387,26.0,330.0
350388,237.0,0.0
350390,30.0,150.0
350391,109.0,296.0
350392,325.0,170.0
350393,133.0,594.0
350394,74.0,257.0
350395,34.0,133.0
350396,562.0,41.0
350397,0.0,4.0
350398,182.0,181.0
350399,3.0,281.0
350400,0.0,1.0
350401,380.0,912.0
350402,59.0,178.0
350403,9.0,598.0
350404,106.0,295.0
350405,36.0,874.0
350406,248.0,504.0
350407,31.0,995.0
350409,380.0,252.0
350410,80.0,130.0
350411,30.0,965.0
350412,0.0,75.0
350413,0.0,327.0
350415,0.0,443.0
350422,169.0,163.0
350426,379.0,440.0
350427,0.0,49.0
350428,0.0,1.0
350429,283.0,4.0
350433,0.0,498.0
350434,146.0,111.0
350435,0.0,355.0
350436,196.0,0.0
350437,816.0,196.0
350440,0.0,283.0
350442,405.0,254.0
350443,202.0,420.0
350444,279.0,89.0
350445,304.0,0.0
350446,282.0,1.0
350447,205.0,2.0
350448,95.0,145.0
350449,312.0,748.0
350450,9.0,693.0
350451,0.0,1.0
350452,7.0,216.0
350453,0.0,538.0
350454,0.0,356.0
350455,0.0,399.0
350456,31.0,274.0
350457,0.0,309.0
350458,425.0,276.0
350459,516.0,201.0
350460,81.0,79.0
350461,405.0,267.0
350462,68.0,467.0
350463,162.0,186.0
350465,198.0,221.0
350466,492.0,87.0
350467,36.0,715.0
350468,26.0,950.0
350469,0.0,152.0
350470,50.0,191.0
350471,80.0,634.0
350472,56.0,974.0
350473,110.0,332.0
350474,78.0,386.0
350475,2.0,219.0
350476,0.0,83.0
350477,320.0,327.0
350478,529.0,20.0
350479,20.0,0.0
350480,584.0,11.0
350481,370.0,123.0
350482,504.0,170.0
350483,879.0,0.0
350484,42.0,1136.0
350485,6.0,512.0
350486,11.0,500.0
350487,0.0,228.0
350488,0.0,259.0
350489,25.0,406.0
350490,66.0,343.0
350491,52.0,261.0
350492,21.0,317.0
350493,2.0,119.0
350494,2078.0,216.0
350495,553.0,315.0
350497,0.0,1.0
350499,0.0,205.0
350500,0.0,566.0
350501,0.0,256.0
350502,0.0,379.0
350503,27.0,455.0
350504,19.0,510.0
350505,172.0,244.0
350506,149.0,231.0
350507,5.0,256.0
350508,41.0,489.0
350509,61.0,475.0
350510,0.0,616.0
350511,26.0,851.0
350512,0.0,367.0
350513,194.0,288.0
350514,164.0,460.0
350515,455.0,10.0
350516,0.0,121.0
350517,20.0,502.0
350518,495.0,305.0
350521,149.0,165.0
350525,0.0,2.0
350526,0.0,3.0
350528,0.0,797.0
350529,0.0,316.0
350531,0.0,612.0
350532,0.0,121.0
350533,140.0,541.0
350539,102.0,3.0
350540,172.0,10.0
350541,104.0,132.0
350542,25.0,49.0
350547,4.0,21.0
350548,0.0,2.0
350549,117.0,72.0
350550,13.0,13.0
350551,0.0,1.0
350552,112.0,180.0
350553,461.0,94.0
350554,189.0,228.0
350555,510.0,172.0
350559,218.0,0.0
350560,52.0,64.0
350561,21.0,71.0
350562,396.0,235.0
350563,304.0,299.0
350564,272.0,9.0
350566,0.0,6.0
350567,70.0,5.0
350568,26.0,51.0
350569,146.0,15.0
350570,15.0,19.0
350571,368.0,65.0
350572,254.0,146.0
350573,188.0,318.0
350574,42.0,14.0
350576,0.0,15.0
350577,68.0,15.0
350578,58.0,18.0
350579,0.0,2.0
350580,700.0,39.0
350581,573.0,203.0
350582,54.0,183.0
350583,1033.0,134.0
350584,312.0,76.0
350586,0.0,6.0
350587,344.0,8.0
350588,37.0,0.0
350589,0.0,2.0
350590,306.0,122.0
350591,173.0,173.0
350592,35.0,226.0
350593,36.0,193.0
350594,175.0,237.0
350595,69.0,234.0
350596,47.0,426.0
350597,4.0,569.0
350598,0.0,407.0
350599,0.0,772.0
350600,120.0,228.0
350601,145.0,178.0
350602,109.0,12.0
350603,21.0,448.0
350604,57.0,313.0
350605,54.0,219.0
350606,145.0,218.0
350607,88.0,288.0
350608,436.0,145.0
350609,81.0,224.0
350610,145.0,223.0
350611,169.0,97.0
350612,56.0,190.0
350613,116.0,147.0
350614,264.0,245.0
350615,125.0,242.0
350616,4.0,680.0
350617,408.0,47.0
350618,317.0,143.0
350619,53.0,206.0
350620,477.0,165.0
350621,0.0,201.0
350622,10.0,225.0
350623,38.0,329.0
350624,33.0,405.0
350625,0.0,674.0
350626,17.0,808.0
350627,590.0,11.0
350629,554.0,5.0
350630,592.0,3.0
350631,500.0,12.0
350632,375.0,172.0
350633,853.0,61.0
350634,640.0,101.0
350635,512.0,20.0
350636,175.0,312.0
350637,277.0,0.0
350638,201.0,122.0
350639,280.0,124.0
350640,30.0,200.0
350641,78.0,260.0
350642,76.0,189.0
350643,220.0,155.0
350644,924.0,346.0
350645,58.0,52.0
350646,500.0,173.0
350647,361.0,174.0
350648,208.0,177.0
350649,4.0,631.0
350650,0.0,467.0
350651,247.0,7.0
350652,0.0,877.0
350653,241.0,0.0
350654,80.0,922.0
350655,37.0,918.0
350656,0.0,412.0
350657,0.0,719.0
350658,0.0,889.0
350659,4.0,611.0
350660,0.0,648.0
350661,0.0,110.0
350662,11.0,472.0
350663,0.0,260.0
350664,0.0,344.0
350665,0.0,423.0
350666,0.0,738.0
350667,20.0,429.0
350668,175.0,100.0
350669,184.0,86.0
350670,0.0,375.0
350671,200.0,309.0
350672,1308.0,6.0
350673,624.0,0.0
350674,135.0,174.0
350675,47.0,116.0
350676,114.0,648.0
350677,1136.0,0.0
350678,87.0,179.0
350679,47.0,170.0
350680,34.0,698.0
350681,2.0,284.0
350682,94.0,409.0
350683,186.0,281.0
350684,24.0,607.0
350685,466.0,50.0
350686,82.0,674.0
350687,388.0,3.0
350688,30.0,208.0
350689,0.0,75.0
350690,156.0,210.0
350691,0.0,329.0
350692,2.0,268.0
350693,209.0,296.0
350694,114.0,265.0
350695,0.0,941.0
350696,2.0,1022.0
350697,16.0,591.0
350698,0.0,294.0
350699,564.0,0.0
350700,610.0,155.0
350701,2.0,433.0
350702,6.0,113.0
350703,0.0,517.0
350704,208.0,432.0
350705,38.0,386.0
350706,24.0,536.0
350707,18.0,225.0
350708,84.0,390.0
350709,20.0,295.0
350710,0.0,7.0
350711,0.0,1.0
350712,230.0,9.0
350713,249.0,9.0
350714,1306.0,1.0
350715,88.0,145.0
350716,0.0,1.0
350717,167.0,131.0
350718,462.0,28.0
350719,11.0,234.0
350720,521.0,211.0
350721,365.0,4.0
350722,293.0,13.0
350723,303.0,6.0
350724,221.0,171.0
350725,686.0,296.0
350726,238.0,465.0
350727,292.0,29.0
350730,4.0,23.0
350731,127.0,96.0
350732,579.0,253.0
350733,0.0,300.0
350734,0.0,456.0
350735,3.0,513.0
350737,0.0,5.0
350738,28.0,536.0
350739,348.0,310.0
350740,1015.0,78.0
350741,66.0,321.0
350742,461.0,74.0
350743,0.0,561.0
350744,56.0,175.0
350745,0.0,337.0
350746,232.0,226.0
350747,55.0,574.0
350748,490.0,230.0
350749,146.0,355.0
350751,2.0,231.0
350752,4.0,8.0
350753,0.0,2.0
350754,207.0,342.0
350755,9.0,23.0
350756,324.0,448.0
350757,4.0,243.0
350758,4.0,347.0
350759,173.0,286.0
350760,179.0,584.0
350761,245.0,16.0
350762,8.0,236.0
350763,0.0,2.0
350764,259.0,236.0
350765,249.0,278.0
350766,146.0,296.0
350767,262.0,227.0
350768,95.0,402.0
350769,102.0,263.0
350770,0.0,328.0
350771,77.0,197.0
350772,8.0,427.0
350773,18.0,482.0
350774,0.0,203.0
350775,130.0,343.0
350776,106.0,493.0
350777,0.0,210.0
350778,74.0,399.0
350779,178.0,320.0
350780,437.0,268.0
350781,310.0,111.0
350782,57.0,288.0
350783,469.0,431.0
350784,754.0,276.0
350785,58.0,22.0
350786,58.0,134.0
350787,26.0,260.0
350788,6.0,319.0
350789,29.0,480.0
350790,25.0,250.0
350791,233.0,314.0
350792,30.0,220.0
350793,6.0,236.0
350794,0.0,100.0
350796,0.0,1225.0
350798,96.0,323.0
350799,0.0,612.0
350800,226.0,1463.0
350801,1121.0,162.0
350802,0.0,442.0
350803,0.0,455.0
350804,105.0,246.0
350805,2.0,338.0
350806,0.0,225.0
350807,504.0,377.0
350808,65.0,259.0
350809,0.0,4.0
350811,0.0,169.0
350812,0.0,14.0
350813,0.0,462.0
350814,0.0,685.0
350815,372.0,161.0
350817,0.0,714.0
350818,17.0,687.0
350819,47.0,764.0
350820,426.0,605.0
350821,394.0,751.0
350822,339.0,388.0
350823,39.0,690.0
350824,78.0,687.0
350825,0.0,111.0
350826,296.0,427.0
350827,115.0,260.0
350828,169.0,0.0
350829,486.0,336.0
350830,82.0,409.0
350831,0.0,143.0
350832,0.0,1.0
350833,38.0,452.0
350834,348.0,335.0
350835,236.0,239.0
350836,0.0,711.0
350837,30.0,466.0
350838,56.0,2.0
350839,7.0,3.0
350840,0.0,31.0
350841,144.0,718.0
350842,0.0,508.0
350843,0.0,247.0
350844,0.0,759.0
350845,0.0,791.0
350846,212.0,444.0
350847,124.0,105.0
350848,64.0,293.0
350849,195.0,475.0
350851,0.0,262.0
350853,161.0,227.0
350854,0.0,5.0
350855,491.0,77.0
350856,209.0,123.0
350857,7.0,58.0
350858,4.0,229.0
350859,88.0,360.0
350860,2.0,449.0
350862,278.0,129.0
350866,240.0,458.0
350867,0.0,313.0
350868,0.0,491.0
350869,0.0,152.0
350870,0.0,327.0
350871,0.0,9.0
350872,0.0,340.0
350873,0.0,219.0
350874,871.0,93.0
350875,290.0,277.0
350876,115.0,188.0
350881,0.0,2.0
350882,146.0,415.0
350883,181.0,369.0
350884,577.0,126.0
350887,930.0,23.0
350888,168.0,212.0
350889,341.0,228.0
350890,240.0,7.0
350891,766.0,1.0
350892,992.0,0.0
350894,537.0,67.0
350895,63.0,162.0
350896,364.0,348.0
350897,440.0,59.0
350898,222.0,332.0
350899,130.0,224.0
350900,192.0,52.0
350901,682.0,290.0
350902,192.0,193.0
350904,1010.0,64.0
350905,217.0,64.0
350906,53.0,205.0
350907,57.0,152.0
350908,634.0,135.0
350909,122.0,285.0
350910,400.0,155.0
350911,48.0,407.0
350912,55.0,223.0
350913,232.0,0.0
350914,41.0,161.0
350915,257.0,90.0
350916,82.0,66.0
350917,26.0,295.0
350918,24.0,379.0
350919,534.0,330.0
350920,267.0,890.0
350922,30.0,210.0
350923,0.0,9.0
350924,596.0,26.0
350926,734.0,429.0
350927,0.0,1.0
350928,126.0,396.0
350929,103.0,636.0
350930,80.0,588.0
350931,8.0,747.0
350932,166.0,226.0
350933,2.0,186.0
350934,0.0,124.0
350935,540.0,167.0
350936,156.0,807.0
350937,146.0,669.0
350938,0.0,329.0
350939,0.0,315.0
350940,6.0,503.0
350941,173.0,639.0
350942,14.0,590.0
350943,8.0,63.0
350944,265.0,1.0
350945,241.0,236.0
350946,150.0,41.0
350947,114.0,966.0
350948,593.0,692.0
350949,2.0,626.0
350950,151.0,148.0
350951,89.0,333.0
350952,16.0,637.0
350953,0.0,377.0
350954,2.0,576.0
350955,0.0,610.0
350957,286.0,0.0
350958,400.0,100.0
350959,478.0,98.0
350960,109.0,300.0
350961,739.0,252.0
350962,30.0,211.0
350963,63.0,397.0
350964,0.0,347.0
350965,322.0,211.0
350967,59.0,2.0
350968,28.0,37.0
350969,62.0,137.0
350970,9.0,131.0
350971,86.0,70.0
350972,251.0,215.0
350973,169.0,436.0
350974,287.0,255.0
350975,321.0,123.0
350976,2.0,389.0
350977,0.0,446.0
350978,0.0,1532.0
350979,0.0,389.0
350980,664.0,4.0
350982,192.0,52.0
350984,8.0,257.0
350985,36.0,434.0
350986,22.0,303.0
350987,0.0,343.0
350988,5.0,273.0
350989,264.0,221.0
350990,0.0,515.0
350991,4.0,296.0
350992,439.0,123.0
350993,833.0,0.0
350994,0.0,297.0
350995,0.0,191.0
350996,0.0,492.0
350997,0.0,77.0
350998,0.0,765.0
350999,0.0,993.0
351000,0.0,482.0
351001,0.0,173.0
351002,12.0,174.0
351004,150.0,206.0
351005,2.0,663.0
351006,63.0,599.0
351007,2.0,217.0
351008,0.0,257.0
351009,0.0,200.0
351010,0.0,323.0
351011,0.0,276.0
351012,21.0,105.0
351015,0.0,274.0
351016,0.0,211.0
351017,150.0,340.0
351018,0.0,394.0
351019,88.0,179.0
351020,0.0,12.0
351021,0.0,130.0
351022,0.0,225.0
351024,548.0,159.0
351025,68.0,290.0
351026,0.0,482.0
351027,0.0,390.0
351028,6.0,446.0
351029,0.0,401.0
351030,0.0,664.0
351031,0.0,97.0
351032,0.0,240.0
351033,0.0,920.0
351034,0.0,706.0
351035,0.0,194.0
351036,0.0,513.0
351037,0.0,279.0
351038,0.0,255.0
351039,0.0,260.0
351040,55.0,635.0
351041,0.0,213.0
351042,0.0,219.0
351043,0.0,338.0
351044,6.0,285.0
351045,128.0,282.0
351046,60.0,337.0
351047,0.0,323.0
351049,81.0,662.0
351050,0.0,278.0
351051,0.0,419.0
351052,0.0,372.0
351053,0.0,363.0
351054,0.0,269.0
351055,147.0,341.0
351056,0.0,254.0
351057,89.0,194.0
351058,320.0,0.0
351062,166.0,626.0
351063,343.0,372.0
351064,0.0,147.0
351065,0.0,110.0
351066,186.0,7.0
351067,523.0,2.0
351070,314.0,421.0
351071,49.0,463.0
351072,286.0,188.0
351073,173.0,536.0
351074,0.0,247.0
351075,400.0,312.0
351076,76.0,241.0
351077,0.0,559.0
351078,0.0,625.0
351079,6.0,216.0
351080,251.0,304.0
351081,4.0,302.0
351082,11.0,328.0
351083,799.0,79.0
351091,679.0,277.0
351092,71.0,490.0
351093,0.0,414.0
351094,776.0,95.0
351095,0.0,409.0
351096,2.0,48.0
351097,0.0,260.0
351098,2.0,155.0
351101,137.0,372.0
351102,0.0,395.0
351105,223.0,251.0
351106,96.0,383.0
351107,24.0,431.0
351108,0.0,125.0
351109,454.0,0.0
351110,0.0,250.0
351111,0.0,345.0
351112,0.0,118.0
351113,190.0,78.0
351114,0.0,44.0
351115,0.0,245.0
351116,155.0,111.0
351119,0.0,68.0
351120,784.0,27.0
351121,430.0,0.0
351122,0.0,1.0
351123,108.0,660.0
351124,982.0,429.0
351125,2.0,255.0
351126,3.0,210.0
351127,232.0,240.0
351128,367.0,89.0
351129,0.0,1.0
351130,3.0,220.0
351131,0.0,92.0
351132,2.0,104.0
351133,0.0,166.0
351134,492.0,530.0
351135,327.0,158.0
351136,0.0,328.0
351137,0.0,253.0
351138,0.0,371.0
351139,0.0,664.0
351140,0.0,295.0
351141,0.0,256.0
351143,0.0,786.0
351144,0.0,14.0
351145,0.0,329.0
351146,0.0,336.0
351147,0.0,606.0
351148,1316.0,351.0
351149,0.0,474.0
351150,619.0,99.0
351151,221.0,282.0
351152,0.0,456.0
351153,496.0,228.0
351156,0.0,1.0
351157,0.0,565.0
351158,0.0,153.0
351159,0.0,366.0
351160,0.0,245.0
351161,0.0,688.0
351162,146.0,306.0
351163,7.0,155.0
351164,129.0,757.0
351165,152.0,728.0
351166,122.0,583.0
351167,365.0,252.0
351168,0.0,269.0
351169,54.0,13.0
351170,0.0,107.0
351171,0.0,100.0
351172,0.0,350.0
351173,0.0,279.0
351174,403.0,270.0
351175,96.0,176.0
351176,62.0,46.0
351180,0.0,120.0
351181,0.0,365.0
351182,2.0,366.0
351183,9.0,338.0
351184,0.0,128.0
351185,0.0,499.0
351186,420.0,103.0
351187,0.0,2.0
351188,0.0,117.0
351189,96.0,246.0
351190,2.0,310.0
351191,0.0,36.0
351192,76.0,461.0
351193,2.0,182.0
351194,0.0,110.0
351195,0.0,472.0
351196,0.0,278.0
351197,77.0,141.0
351198,0.0,333.0
351200,227.0,311.0
351201,39.0,261.0
351202,227.0,57.0
351203,609.0,34.0
351204,340.0,129.0
351205,57.0,321.0
351207,39.0,36.0
351208,0.0,48.0
351209,4.0,9.0
351210,0.0,204.0
351211,0.0,244.0
351212,312.0,55.0
351214,4.0,6.0
351215,6.0,180.0
351216,0.0,270.0
351217,34.0,100.0
351218,0.0,75.0
351219,11.0,296.0
351220,0.0,92.0
351221,2.0,433.0
351222,293.0,200.0
351223,0.0,23.0
351224,916.0,124.0
351225,0.0,318.0
351226,0.0,19.0
351227,3.0,241.0
351229,741.0,0.0
351230,2.0,619.0
351231,8.0,508.0
351232,0.0,209.0
351237,0.0,2.0
351239,309.0,55.0
351240,2.0,258.0
351241,69.0,749.0
351242,66.0,401.0
351243,71.0,148.0
351245,282.0,110.0
351246,171.0,174.0
351247,312.0,145.0
351250,59.0,648.0
351251,41.0,410.0
351253,593.0,0.0
351257,0.0,173.0
351258,0.0,75.0
351259,0.0,71.0
351260,4.0,108.0
351261,3.0,122.0
351262,353.0,182.0
351263,0.0,15.0
351264,5.0,151.0
351266,0.0,141.0
351267,9.0,164.0
351268,0.0,169.0
351269,1.0,95.0
351270,2.0,103.0
351271,0.0,5.0
351272,187.0,111.0
351273,141.0,234.0
351274,0.0,1.0
351275,2.0,159.0
351276,1.0,310.0
351277,265.0,260.0
351278,728.0,343.0
351279,1.0,53.0
351281,0.0,22.0
351295,0.0,1.0
351307,0.0,2.0
490003,0.0,1.0
490004,0.0,3.0
490005,1.0,3.0
490006,0.0,6.0
490007,0.0,23.0
490008,0.0,4.0
490011,0.0,1.0
490012,0.0,1.0
490021,0.0,1.0
490025,0.0,83.0
490026,0.0,10.0
490027,0.0,1.0
490030,0.0,51.0
490031,0.0,5.0
490032,0.0,1.0
490035,0.0,3.0
490039,0.0,2.0
490056,0.0,12.0
490057,0.0,117.0
490058,0.0,8.0
490059,0.0,18.0
490060,0.0,33.0
490087,0.0,1.0
490089,0.0,37.0
490092,0.0,1.0
490104,0.0,33.0
490107,0.0,72.0
490117,42.0,184.0
490118,0.0,275.0
490121,0.0,1.0
490137,0.0,265.0
490145,0.0,154.0
490146,8.0,235.0
490147,4.0,184.0
490148,10.0,354.0
490150,0.0,1.0
490153,0.0,30.0
490155,0.0,5.0
490157,0.0,1.0
490158,0.0,1.0
490159,0.0,18.0
490182,0.0,12.0
490184,0.0,4.0
490185,0.0,6.0
490187,0.0,79.0
490202,0.0,247.0
490203,0.0,171.0
490204,0.0,170.0
490205,14.0,180.0
490207,322.0,73.0
490208,213.0,222.0
490209,70.0,0.0
490210,0.0,261.0
490211,116.0,531.0
490214,0.0,148.0
490215,0.0,320.0
490216,0.0,272.0
490217,117.0,246.0
490218,0.0,552.0
490220,0.0,316.0
490221,0.0,329.0
490224,0.0,3.0
490226,0.0,1.0
490238,0.0,126.0
490243,0.0,316.0
490244,0.0,334.0
490245,0.0,95.0
490246,0.0,54.0
490247,0.0,366.0
490248,23.0,70.0
490249,0.0,255.0
490250,0.0,366.0
490251,0.0,176.0
490252,0.0,66.0
490253,0.0,98.0
490254,0.0,418.0
490262,0.0,307.0
490263,0.0,188.0
490266,0.0,1.0
490270,0.0,3.0
490274,1.0,5.0
490276,0.0,2.0
490277,0.0,288.0
490278,0.0,6.0
490279,0.0,103.0
490280,0.0,5.0
490281,0.0,70.0
490282,0.0,27.0
490284,110.0,16.0
490289,0.0,5.0
490290,0.0,4.0
490291,0.0,2.0
490293,0.0,6.0
490295,0.0,103.0
490297,292.0,2.0
490305,0.0,8.0
490306,0.0,1.0
490307,221.0,9.0
490308,249.0,540.0
490309,55.0,2.0
490310,304.0,551.0
490311,0.0,1.0
490312,0.0,329.0
490313,0.0,202.0
490314,0.0,150.0
490315,0.0,26.0
490316,0.0,353.0
490317,0.0,216.0
490318,54.0,157.0
490319,0.0,613.0
490320,0.0,106.0
490321,0.0,75.0
490322,0.0,53.0
490323,0.0,104.0
490324,0.0,273.0
490325,215.0,239.0
490326,0.0,415.0
490327,4.0,319.0
490328,0.0,128.0
490329,0.0,102.0
490330,57.0,153.0
490331,20.0,129.0
490332,59.0,161.0
490334,12.0,5.0
490335,0.0,1.0
490336,0.0,21.0
490337,0.0,4.0
490338,0.0,11.0
490340,0.0,3.0
490341,0.0,35.0
490342,0.0,57.0
490343,2.0,61.0
490344,0.0,113.0
490345,0.0,33.0
490346,0.0,132.0
490347,0.0,72.0
490348,0.0,183.0
490349,0.0,23.0
490350,0.0,204.0
490351,0.0,204.0
490352,34.0,213.0
490353,28.0,240.0
490354,10.0,97.0
490355,85.0,119.0
490356,61.0,191.0
490357,56.0,245.0
490358,25.0,256.0
490359,0.0,3.0
490360,107.0,239.0
490361,49.0,266.0
490362,39.0,220.0
490363,2.0,226.0
490364,0.0,182.0
490365,43.0,414.0
490366,0.0,178.0
490367,12.0,256.0
490368,0.0,308.0
490369,0.0,255.0
490376,41.0,0.0
490378,177.0,233.0
490381,0.0,143.0
490384,62.0,168.0
490395,0.0,4.0
490396,577.0,75.0
490398,0.0,5.0
490399,0.0,325.0
490400,0.0,292.0
490401,0.0,133.0
490402,0.0,119.0
490403,0.0,255.0
490404,0.0,99.0
490405,0.0,220.0
490406,0.0,124.0
490407,45.0,246.0
490408,0.0,246.0
490409,0.0,153.0
490410,0.0,59.0
490411,184.0,144.0
490413,368.0,301.0
490414,0.0,2.0
490420,87.0,183.0
490421,0.0,287.0
490422,0.0,30.0
490425,0.0,234.0
490427,0.0,419.0
490428,0.0,201.0
490435,61.0,740.0
490436,4.0,191.0
490437,0.0,234.0
490438,42.0,125.0
490439,2.0,336.0
490440,0.0,370.0
490441,12.0,340.0
490442,0.0,206.0
490443,0.0,168.0
490444,0.0,71.0
490445,14.0,208.0
490446,0.0,410.0
490447,0.0,283.0
490448,0.0,173.0
490449,0.0,359.0
490450,0.0,17.0
490451,0.0,330.0
490452,0.0,105.0
490453,0.0,56.0
490454,0.0,116.0
490455,0.0,251.0
490456,0.0,266.0
490457,2.0,137.0
490458,0.0,272.0
490459,0.0,325.0
490460,0.0,203.0
490461,0.0,256.0
490462,185.0,119.0
490463,0.0,222.0
490465,0.0,246.0
490466,0.0,217.0
490467,91.0,504.0
490468,0.0,353.0
490469,0.0,424.0
490470,0.0,217.0
490471,0.0,426.0
490472,0.0,329.0
490473,57.0,296.0
490474,40.0,388.0
490475,0.0,286.0
490476,0.0,266.0
490477,0.0,281.0
490478,0.0,470.0
490479,30.0,301.0
490480,65.0,527.0
490481,27.0,244.0
490483,41.0,369.0
490484,21.0,120.0
490487,236.0,98.0
490488,10.0,503.0
490489,153.0,283.0
490490,217.0,447.0
490491,47.0,48.0
490492,6.0,7.0
490493,103.0,72.0
490494,89.0,201.0
490495,78.0,173.0
490496,40.0,437.0
490497,62.0,408.0
490498,0.0,1.0
490499,0.0,1.0
490500,0.0,1.0
490501,135.0,5.0
490502,356.0,30.0
490503,225.0,516.0
490504,0.0,2.0
490505,0.0,6.0
490506,0.0,2.0
490507,10.0,30.0
490508,0.0,6.0
490509,0.0,21.0
490510,23.0,230.0
490511,0.0,3.0
490512,0.0,4.0
490513,0.0,16.0
490514,0.0,10.0
490516,1.0,2.0
490518,6.0,21.0
490521,357.0,241.0
490522,94.0,332.0
490523,90.0,389.0
490524,0.0,116.0
490525,0.0,294.0
490526,0.0,304.0
490527,0.0,280.0
490528,0.0,238.0
490529,1.0,267.0
490530,250.0,448.0
490531,43.0,462.0
490532,0.0,609.0
490533,68.0,344.0
490534,53.0,442.0
490535,0.0,502.0
490536,19.0,416.0
490537,0.0,534.0
490538,0.0,395.0
490539,460.0,51.0
490540,0.0,1.0
490542,0.0,4.0
490544,0.0,7.0
490545,767.0,6.0
490546,0.0,1.0
490547,64.0,146.0
490548,16.0,10.0
490549,662.0,63.0
490550,738.0,5.0
490551,108.0,2.0
490552,23.0,30.0
490553,79.0,168.0
490556,50.0,34.0
490557,0.0,3.0
490558,0.0,90.0
490559,0.0,1.0
490560,4.0,21.0
490561,3.0,29.0
490562,8.0,209.0
490563,160.0,148.0
490564,6.0,173.0
490565,26.0,21.0
490566,0.0,38.0
490567,9.0,219.0
490568,42.0,256.0
490569,0.0,417.0
490570,29.0,115.0
490571,69.0,363.0
490572,16.0,356.0
490581,0.0,1.0
490582,0.0,3.0
490583,0.0,39.0
490584,0.0,24.0
490585,0.0,102.0
490587,0.0,17.0
490588,0.0,30.0
490596,650.0,274.0
490597,172.0,367.0
490599,336.0,4.0
490600,50.0,499.0
490601,105.0,352.0
490602,5.0,304.0
490603,85.0,167.0
490604,542.0,145.0
490605,91.0,522.0
490606,28.0,313.0
490607,16.0,558.0
490608,112.0,354.0
490609,4.0,278.0
490610,0.0,100.0
490611,7.0,153.0
490612,2.0,606.0
490613,1.0,725.0
490614,0.0,137.0
490615,0.0,1.0
490616,210.0,490.0
490617,182.0,234.0
490618,672.0,88.0
490619,0.0,2.0
490620,319.0,401.0
490621,176.0,441.0
490622,325.0,75.0
490623,148.0,123.0
490624,212.0,223.0
490625,77.0,452.0
490626,22.0,388.0
490627,246.0,129.0
490628,533.0,292.0
490629,25.0,474.0
490630,0.0,417.0
490631,0.0,77.0
490632,178.0,11.0
490633,3.0,136.0
490635,1.0,4.0
490636,37.0,406.0
490637,513.0,122.0
490638,2.0,13.0
490639,62.0,159.0
490640,275.0,251.0
490641,2.0,471.0
490642,19.0,435.0
490643,375.0,31.0
490644,0.0,1.0
490645,273.0,410.0
490646,25.0,219.0
490647,185.0,347.0
490648,284.0,0.0
490650,8.0,192.0
490651,374.0,22.0
490652,4.0,302.0
490653,57.0,23.0
490654,8.0,456.0
490655,0.0,257.0
490656,62.0,241.0
490657,7.0,454.0
490658,2.0,365.0
490659,0.0,6.0
490660,0.0,16.0
490661,2.0,3.0
490662,576.0,9.0
490664,400.0,383.0
490665,2.0,201.0
490666,0.0,16.0
490667,1.0,86.0
490668,46.0,311.0
490669,47.0,354.0
490670,34.0,422.0
490671,414.0,167.0
490672,276.0,144.0
490673,730.0,122.0
490674,349.0,28.0
490675,203.0,0.0
490676,0.0,9.0
490678,90.0,124.0
490680,92.0,0.0
490682,0.0,4.0
490683,193.0,203.0
490684,18.0,51.0
490685,0.0,301.0
490686,0.0,49.0
490687,36.0,69.0
490688,177.0,148.0
490689,2.0,527.0
490690,74.0,536.0
490691,35.0,550.0
490692,6.0,342.0
490693,33.0,323.0
490694,237.0,87.0
490695,14.0,223.0
490697,147.0,355.0
490698,37.0,88.0
490699,89.0,309.0
490700,0.0,348.0
490702,0.0,38.0
490703,44.0,223.0
490704,0.0,1.0
490705,94.0,32.0
490706,286.0,3.0
490707,4.0,339.0
490708,0.0,340.0
490709,154.0,348.0
490710,0.0,334.0
490711,72.0,310.0
490712,464.0,18.0
490713,89.0,2.0
490714,138.0,84.0
490715,620.0,0.0
490716,173.0,196.0
490717,480.0,29.0
490718,345.0,0.0
490719,0.0,4.0
490720,659.0,0.0
490721,162.0,18.0
490722,172.0,0.0
490723,0.0,24.0
490724,179.0,43.0
490725,123.0,296.0
490726,126.0,502.0
490727,115.0,95.0
490728,826.0,0.0
490729,51.0,393.0
490730,0.0,6.0
490732,0.0,17.0
490733,0.0,2.0
490734,0.0,3.0
490735,0.0,29.0
490736,0.0,245.0
490737,0.0,17.0
490738,53.0,387.0
490739,0.0,38.0
490740,0.0,27.0
490741,14.0,398.0
490742,0.0,171.0
490743,2.0,68.0
490744,10.0,136.0
490745,27.0,470.0
490746,145.0,146.0
490747,164.0,91.0
490748,0.0,1.0
490749,78.0,71.0
490750,82.0,98.0
490751,69.0,147.0
490752,4.0,0.0
490753,338.0,156.0
490754,81.0,199.0
490755,490.0,71.0
490756,141.0,21.0
490757,218.0,169.0
490758,213.0,138.0
490759,65.0,47.0
490760,395.0,14.0
490761,201.0,75.0
490762,0.0,81.0
490763,362.0,5.0
490764,77.0,54.0
490765,178.0,36.0
490766,62.0,53.0
490767,39.0,107.0
490768,338.0,97.0
490770,312.0,37.0
490771,429.0,37.0
490772,322.0,187.0
490773,238.0,77.0
490774,400.0,13.0
490775,491.0,15.0
490776,656.0,393.0
490777,591.0,47.0
490778,263.0,216.0
490779,272.0,117.0
490780,308.0,32.0
490781,0.0,2.0
490783,829.0,26.0
490784,156.0,43.0
490785,24.0,0.0
490786,225.0,64.0
490787,92.0,130.0
490788,134.0,132.0
490789,154.0,10.0
490790,113.0,196.0
490791,96.0,85.0
490792,134.0,10.0
490794,231.0,92.0
490795,81.0,57.0
490796,39.0,87.0
490797,139.0,119.0
490798,32.0,29.0
490799,169.0,69.0
490800,179.0,121.0
490808,91.0,17.0
490809,184.0,345.0
490810,364.0,35.0
490811,300.0,14.0
490812,30.0,428.0
490813,5.0,237.0
490814,202.0,209.0
490815,0.0,1.0
490816,0.0,32.0
490817,242.0,266.0
490818,128.0,45.0
490823,6.0,292.0
490824,215.0,111.0
490825,0.0,447.0
490826,204.0,13.0
490827,0.0,141.0
490828,114.0,14.0
490829,0.0,12.0
490830,0.0,28.0
490838,0.0,1.0
490841,0.0,1.0
490842,115.0,17.0
490843,263.0,92.0
490844,0.0,86.0
490845,60.0,261.0
490846,0.0,26.0
490848,55.0,73.0
490849,57.0,235.0
490850,112.0,212.0
490851,83.0,274.0
490852,58.0,213.0
490853,93.0,295.0
490854,47.0,151.0
490855,128.0,256.0
490856,4.0,253.0
490857,128.0,218.0
490858,14.0,334.0
490860,169.0,0.0
490861,256.0,243.0
490862,0.0,177.0
490866,12.0,107.0
490867,0.0,242.0
490868,0.0,15.0
490870,0.0,8.0
490871,0.0,4.0
490872,2.0,6.0
490873,0.0,28.0
490874,0.0,34.0
490875,0.0,87.0
490876,134.0,109.0
490877,144.0,65.0
490878,83.0,143.0
490879,196.0,163.0
490880,0.0,235.0
490881,0.0,311.0
490882,0.0,148.0
490883,0.0,330.0
490884,0.0,192.0
490885,45.0,304.0
490886,0.0,176.0
490887,0.0,107.0
490888,2.0,145.0
490889,0.0,183.0
490890,2.0,302.0
490891,0.0,56.0
490892,4.0,66.0
490893,4.0,255.0
490894,0.0,174.0
490895,4.0,81.0
490896,0.0,251.0
490897,0.0,221.0
490898,2.0,102.0
490899,0.0,65.0
490900,16.0,58.0
490901,0.0,47.0
490902,54.0,91.0
490903,0.0,48.0
490904,0.0,26.0
490905,0.0,69.0
490906,0.0,40.0
490909,0.0,63.0
490910,0.0,66.0
490911,0.0,21.0
490912,0.0,15.0
490913,0.0,9.0
490914,0.0,2.0
490915,0.0,30.0
490916,0.0,3.0
490919,0.0,1.0
490921,0.0,5.0
490922,0.0,4.0
490923,0.0,14.0
490924,0.0,1.0
490927,0.0,1.0
490930,148.0,79.0
490931,276.0,66.0
490932,159.0,15.0
490933,122.0,207.0
490934,4.0,49.0
490936,29.0,47.0
490937,62.0,229.0
490938,40.0,205.0
490939,2.0,154.0
490940,0.0,3.0
490941,0.0,2.0
490942,0.0,1.0
490943,0.0,1.0
490944,0.0,13.0
490945,0.0,285.0
490946,0.0,299.0
490947,0.0,208.0
490948,4.0,45.0
490949,76.0,224.0
490950,31.0,123.0
490951,56.0,152.0
490952,64.0,225.0
490953,40.0,242.0
490954,29.0,206.0
490955,22.0,174.0
490956,27.0,62.0
490957,20.0,284.0
490958,0.0,172.0
490959,76.0,216.0
490960,118.0,136.0
490961,0.0,463.0
490962,0.0,78.0
490964,0.0,15.0
490965,0.0,2.0
490967,0.0,45.0
490968,99.0,191.0
490969,0.0,7.0
490970,0.0,5.0
490971,0.0,14.0
490972,205.0,293.0
490973,4.0,196.0
490974,4.0,346.0
490975,27.0,45.0
490976,10.0,49.0
490977,37.0,368.0
490978,53.0,334.0
490979,14.0,605.0
490980,0.0,336.0
490981,43.0,414.0
490982,0.0,216.0
490983,0.0,3.0
490984,0.0,4.0
490985,0.0,17.0
490986,0.0,6.0
490987,0.0,74.0
490988,0.0,26.0
490989,0.0,10.0
490990,0.0,3.0
490991,0.0,3.0
490992,0.0,6.0
490993,0.0,42.0
490994,0.0,149.0
490995,0.0,11.0
490996,0.0,33.0
490997,0.0,16.0
490998,0.0,20.0
490999,0.0,7.0
491000,0.0,59.0
491001,0.0,17.0
491002,0.0,15.0
491003,0.0,1.0
491005,73.0,75.0
491007,47.0,74.0
491008,0.0,15.0
491009,0.0,17.0
491010,0.0,5.0
491011,0.0,11.0
491012,0.0,13.0
491013,0.0,11.0
491014,0.0,12.0
491015,0.0,23.0
491016,0.0,15.0
491017,0.0,6.0
491018,0.0,9.0
491019,0.0,5.0
491020,0.0,6.0
491021,0.0,2.0
491022,0.0,5.0
491023,0.0,5.0
491024,0.0,8.0
491025,0.0,8.0
491026,0.0,6.0
491027,0.0,13.0
491028,0.0,16.0
491029,0.0,9.0
491030,0.0,16.0
491031,0.0,16.0
491032,0.0,13.0
491033,0.0,19.0
491034,0.0,25.0
491035,0.0,10.0
491036,0.0,6.0
491037,0.0,9.0
491038,0.0,5.0
491039,0.0,22.0
491040,0.0,13.0
491041,0.0,7.0
491042,0.0,10.0
491043,0.0,3.0
491044,0.0,3.0
491045,0.0,12.0
491046,0.0,10.0
491047,0.0,11.0
491048,1.0,5.0
491049,0.0,18.0
491050,0.0,14.0
491051,0.0,15.0
491052,0.0,18.0
491053,0.0,5.0
491054,0.0,16.0
491055,0.0,9.0
491056,0.0,18.0
491057,0.0,10.0
491058,0.0,28.0
491059,0.0,17.0
491060,0.0,8.0
491061,0.0,5.0
491062,0.0,2.0
491063,0.0,7.0
491064,0.0,10.0
491065,0.0,19.0
491066,0.0,21.0
491067,0.0,18.0
491068,2.0,25.0
491069,0.0,7.0
491070,0.0,13.0
491071,0.0,9.0
491072,0.0,16.0
491073,0.0,8.0
491074,0.0,25.0
491075,0.0,9.0
491076,1.0,64.0
491077,0.0,3.0
491078,1.0,11.0
491079,0.0,8.0
491080,0.0,5.0
491082,0.0,5.0
491083,0.0,7.0
491084,0.0,5.0
491085,0.0,18.0
491086,0.0,16.0
491087,0.0,7.0
491088,0.0,2.0
491091,0.0,5.0
491092,0.0,27.0
491093,0.0,2.0
491096,0.0,6.0
491097,0.0,5.0
491098,0.0,13.0
491099,0.0,9.0
491100,0.0,17.0
491101,0.0,6.0
491102,1.0,54.0
491103,0.0,8.0
491104,1.0,13.0
491105,0.0,20.0
491106,0.0,28.0
491107,0.0,49.0
491108,0.0,18.0
491109,1.0,19.0
491111,0.0,4.0
491112,0.0,2.0
491113,0.0,41.0
491114,0.0,9.0
491115,0.0,3.0
491116,0.0,27.0
491118,0.0,1.0
491119,0.0,11.0
491120,0.0,1.0
491121,100.0,12.0
491122,8.0,32.0
491124,0.0,9.0
491126,180.0,2.0
491127,1.0,18.0
491128,0.0,108.0
491129,0.0,1.0
491130,45.0,385.0
491131,4.0,105.0
491132,0.0,102.0
491133,52.0,14.0
491134,123.0,102.0
491135,37.0,159.0
491136,59.0,247.0
491137,70.0,231.0
491138,76.0,236.0
491140,0.0,16.0
491141,78.0,286.0
491142,0.0,90.0
491143,0.0,3.0
491144,0.0,86.0
491145,88.0,203.0
491146,10.0,250.0
491147,108.0,203.0
491148,58.0,350.0
491149,27.0,178.0
491150,60.0,149.0
491151,12.0,193.0
491152,0.0,40.0
491153,0.0,7.0
491154,6.0,43.0
491155,0.0,281.0
491156,0.0,2.0
491157,0.0,171.0
491158,0.0,360.0
491159,0.0,138.0
491160,0.0,4.0
491161,0.0,1.0
491162,0.0,19.0
491163,1.0,32.0
491164,0.0,17.0
491166,0.0,12.0
491167,0.0,32.0
491168,0.0,1.0
491169,0.0,38.0
491171,0.0,9.0
491172,63.0,7.0
491173,0.0,28.0
491175,0.0,12.0
491177,0.0,9.0
491178,39.0,43.0
491179,10.0,35.0
491180,0.0,4.0
491181,0.0,14.0
491182,0.0,24.0
491183,0.0,9.0
491184,0.0,138.0
491185,0.0,136.0
491186,5.0,244.0
491187,9.0,189.0
491188,8.0,219.0
491189,24.0,100.0
491190,11.0,100.0
491191,1.0,62.0
491192,0.0,18.0
491193,0.0,17.0
491194,0.0,6.0
491195,0.0,2.0
491196,0.0,27.0
491197,1.0,13.0
491198,0.0,27.0
491199,0.0,79.0
491200,0.0,38.0
491201,0.0,46.0
491202,0.0,292.0
491203,2.0,202.0
491204,0.0,111.0
491205,0.0,12.0
491206,0.0,32.0
491207,0.0,22.0
491208,0.0,94.0
491209,0.0,38.0
491210,0.0,246.0
491211,4.0,324.0
491212,0.0,130.0
491213,0.0,295.0
491214,0.0,12.0
491215,0.0,12.0
491216,0.0,8.0
491217,0.0,7.0
491219,0.0,3.0
491220,0.0,4.0
491221,0.0,14.0
491222,0.0,3.0
491223,0.0,6.0
491224,0.0,7.0
491225,1.0,104.0
491226,0.0,3.0
491227,40.0,88.0
491228,0.0,3.0
491230,16.0,372.0
491231,0.0,1.0
491232,30.0,146.0
491233,24.0,124.0
491234,0.0,13.0
491235,0.0,18.0
491236,0.0,129.0
491237,26.0,196.0
491238,62.0,18.0
491239,82.0,159.0
491240,0.0,160.0
491241,0.0,120.0
491242,0.0,313.0
491243,0.0,55.0
491244,16.0,91.0
491245,32.0,163.0
491246,1.0,5.0
491247,9.0,0.0
491249,0.0,1.0
491250,1.0,18.0
491253,0.0,6.0
491256,0.0,215.0
491257,0.0,113.0
491259,0.0,1.0
491260,0.0,6.0
491261,0.0,1.0
491262,0.0,7.0
491263,0.0,57.0
491264,0.0,20.0
491265,0.0,46.0
491266,0.0,87.0
491267,0.0,143.0
491268,0.0,40.0
491269,0.0,2.0
491270,21.0,79.0
491271,24.0,160.0
491272,6.0,77.0
491273,0.0,12.0
491274,0.0,20.0
491275,8.0,22.0
491276,1.0,28.0
491277,10.0,20.0
491279,0.0,1.0
491280,6.0,15.0
491307,0.0,6.0
491308,0.0,2.0
570002,0.0,12.0
570003,0.0,6.0
570004,0.0,48.0
570005,0.0,94.0
570007,0.0,2.0
570008,0.0,24.0
570009,0.0,36.0
570010,0.0,8.0
570011,0.0,1.0
570013,0.0,29.0
570014,0.0,14.0
570015,2.0,43.0
570016,0.0,18.0
570017,0.0,26.0
570018,0.0,36.0
570019,0.0,73.0
570020,0.0,54.0
570021,0.0,27.0
570022,2.0,31.0
570023,0.0,10.0
570024,0.0,27.0
570025,0.0,33.0
570026,0.0,6.0
570027,0.0,29.0
570028,0.0,36.0
570029,0.0,43.0
570030,0.0,19.0
570031,2.0,54.0
570032,0.0,43.0
570033,0.0,10.0
570034,0.0,14.0
570035,0.0,4.0
570036,0.0,57.0
570037,2.0,68.0
570038,0.0,79.0
570039,0.0,3.0
570040,4.0,119.0
570042,0.0,56.0
570043,0.0,88.0
570044,2.0,92.0
570045,0.0,23.0
570047,0.0,52.0
570048,0.0,24.0
570049,0.0,24.0
570050,0.0,71.0
570051,0.0,65.0
570052,34.0,183.0
570053,2.0,43.0
570054,0.0,21.0
570055,0.0,58.0
570056,0.0,34.0
570057,0.0,14.0
570058,0.0,7.0
570059,2.0,100.0
570060,0.0,221.0
570061,6.0,316.0
570062,2.0,132.0
570063,2.0,79.0
570064,0.0,120.0
570065,0.0,197.0
570066,0.0,123.0
570067,0.0,120.0
570068,0.0,248.0
570069,0.0,72.0
570070,0.0,93.0
570071,0.0,602.0
570072,0.0,28.0
570073,0.0,223.0
570074,0.0,80.0
570075,0.0,281.0
570076,2.0,139.0
570079,1.0,99.0
570080,0.0,30.0
570081,0.0,151.0
570082,0.0,80.0
570083,0.0,243.0
570084,0.0,19.0
570085,315.0,99.0
570086,0.0,8.0
570087,0.0,14.0
570088,0.0,1.0
570089,0.0,7.0
570090,0.0,121.0
570092,0.0,198.0
570093,0.0,36.0
570094,25.0,394.0
570095,0.0,103.0
570096,0.0,300.0
570097,2.0,274.0
570098,0.0,91.0
570099,72.0,2.0
570100,273.0,238.0
570101,0.0,292.0
570102,193.0,46.0
570103,0.0,75.0
570104,287.0,88.0
570105,0.0,2.0
570106,137.0,1.0
570108,0.0,32.0
570109,0.0,42.0
570110,0.0,321.0
570111,0.0,659.0
570112,0.0,336.0
570113,8.0,197.0
570114,0.0,289.0
570115,0.0,151.0
570116,0.0,94.0
570117,13.0,53.0
570118,96.0,264.0
570119,0.0,208.0
570120,0.0,306.0
570121,0.0,552.0
570123,485.0,128.0
570124,0.0,12.0
570125,101.0,403.0
570126,0.0,105.0
570127,4.0,128.0
570128,0.0,255.0
570129,81.0,342.0
570130,90.0,372.0
570131,0.0,339.0
570132,0.0,49.0
570133,108.0,65.0
570134,0.0,129.0
570135,266.0,680.0
570136,0.0,45.0
570137,0.0,119.0
570138,299.0,134.0
570139,1.0,126.0
570140,0.0,366.0
570141,1.0,180.0
570142,0.0,7.0
570143,0.0,9.0
570144,0.0,44.0
570145,0.0,29.0
570146,0.0,19.0
570147,0.0,5.0
570148,0.0,12.0
570149,0.0,65.0
570150,0.0,52.0
570151,0.0,71.0
570152,0.0,2.0
570153,0.0,27.0
570154,0.0,94.0
570155,0.0,42.0
570156,88.0,78.0
570158,0.0,23.0
570159,383.0,47.0
570160,230.0,468.0
570161,40.0,569.0
570163,523.0,636.0
570164,67.0,455.0
570165,0.0,110.0
570167,30.0,631.0
570168,0.0,518.0
570169,213.0,79.0
570170,352.0,18.0
570171,260.0,134.0
570172,32.0,433.0
570174,124.0,385.0
570175,174.0,169.0
570176,283.0,507.0
570177,85.0,357.0
570178,8.0,310.0
570179,40.0,313.0
570180,288.0,255.0
570181,112.0,147.0
570182,85.0,383.0
570183,88.0,127.0
570184,180.0,154.0
570185,122.0,383.0
570186,0.0,3.0
570187,0.0,22.0
570188,85.0,1.0
570189,101.0,130.0
570190,19.0,93.0
570191,102.0,272.0
570192,24.0,218.0
570193,243.0,138.0
570194,599.0,97.0
570195,187.0,15.0
570196,148.0,11.0
570197,152.0,86.0
570198,0.0,4.0
570199,2.0,31.0
570202,0.0,20.0
570203,256.0,0.0
570204,4.0,46.0
570205,71.0,0.0
570206,10.0,30.0
570207,352.0,13.0
570208,14.0,152.0
570209,83.0,239.0
570210,0.0,252.0
570211,0.0,2.0
570212,0.0,1.0
570213,6.0,60.0
570215,4.0,31.0
570217,0.0,9.0
570219,293.0,0.0
570220,169.0,0.0
570221,133.0,0.0
570222,167.0,12.0
570223,56.0,45.0
570224,497.0,148.0
570225,120.0,188.0
570226,223.0,502.0
570227,73.0,403.0
570228,37.0,357.0
570229,2.0,158.0
570231,0.0,7.0
570232,0.0,8.0
570233,0.0,7.0
570234,77.0,239.0
570236,50.0,45.0
570237,69.0,4.0
570238,22.0,7.0
570240,105.0,16.0
570242,144.0,19.0
570243,241.0,0.0
570244,434.0,148.0
570245,456.0,59.0
570246,166.0,401.0
570247,231.0,250.0
570248,18.0,315.0
570249,51.0,337.0
570250,4.0,225.0
570251,4.0,189.0
570252,0.0,10.0
570253,0.0,2.0
570256,0.0,18.0
570257,13.0,78.0
570258,97.0,162.0
570259,29.0,42.0
570260,10.0,40.0
570261,32.0,42.0
570262,128.0,284.0
570263,158.0,288.0
570264,227.0,142.0
570265,78.0,352.0
570266,50.0,324.0
570267,0.0,154.0
570268,68.0,40.0
570270,2.0,35.0
570272,4.0,137.0
570273,59.0,118.0
570274,24.0,60.0
570275,9.0,54.0
570276,37.0,95.0
570277,64.0,334.0
570278,55.0,186.0
570279,419.0,371.0
570280,44.0,336.0
570282,21.0,64.0
570283,252.0,226.0
570284,12.0,215.0
570285,0.0,170.0
570286,175.0,99.0
570287,109.0,63.0
570288,106.0,154.0
570289,6.0,253.0
570290,199.0,223.0
570291,57.0,401.0
570292,81.0,101.0
570293,0.0,246.0
570294,0.0,113.0
570295,2.0,8.0
570296,0.0,263.0
570297,0.0,91.0
570299,0.0,54.0
570300,172.0,172.0
570301,178.0,6.0
570302,370.0,10.0
570303,0.0,140.0
570304,34.0,76.0
570305,0.0,101.0
570306,215.0,122.0
570307,29.0,318.0
570308,0.0,77.0
570309,0.0,300.0
570310,0.0,44.0
570311,39.0,91.0
570312,782.0,3.0
570313,0.0,118.0
570314,137.0,73.0
570315,86.0,77.0
570316,0.0,311.0
570317,0.0,217.0
570318,0.0,148.0
570319,0.0,238.0
570320,131.0,216.0
570321,0.0,132.0
570322,0.0,190.0
570323,0.0,45.0
570324,0.0,106.0
570325,0.0,30.0
570326,0.0,105.0
570327,0.0,114.0
570328,0.0,95.0
570329,0.0,60.0
570330,0.0,112.0
570331,2.0,213.0
570332,0.0,217.0
570333,0.0,78.0
570334,0.0,106.0
570335,0.0,99.0
570336,0.0,168.0
570337,0.0,105.0
570338,0.0,58.0
570339,2.0,161.0
570340,0.0,60.0
570341,0.0,65.0
570342,0.0,35.0
570343,12.0,356.0
570344,436.0,122.0
570345,375.0,279.0
570346,0.0,475.0
570347,0.0,529.0
570348,4.0,359.0
570349,20.0,414.0
570350,114.0,596.0
570351,86.0,320.0
570352,445.0,212.0
570353,0.0,633.0
570354,0.0,83.0
570355,0.0,411.0
570356,6.0,418.0
570357,14.0,463.0
570358,50.0,358.0
570359,339.0,54.0
570360,0.0,576.0
570361,0.0,208.0
570362,0.0,307.0
570363,135.0,269.0
570364,192.0,433.0
570365,42.0,141.0
570366,0.0,2.0
570367,0.0,625.0
570368,0.0,435.0
570369,0.0,300.0
570370,14.0,581.0
570371,80.0,398.0
570372,79.0,259.0
570373,43.0,310.0
570375,30.0,318.0
570376,77.0,229.0
570377,186.0,466.0
570378,191.0,115.0
570380,119.0,5.0
570381,0.0,3.0
570382,143.0,158.0
570384,362.0,240.0
570385,234.0,0.0
570386,63.0,161.0
570389,30.0,304.0
570390,0.0,851.0
570391,332.0,121.0
570392,291.0,83.0
570393,23.0,415.0
570394,120.0,306.0
570395,202.0,113.0
570396,0.0,2.0
570397,81.0,27.0
570398,33.0,321.0
570399,0.0,2.0
570400,0.0,2.0
570401,156.0,95.0
570402,28.0,96.0
570403,48.0,220.0
570404,11.0,312.0
570405,22.0,136.0
570407,84.0,255.0
570408,87.0,339.0
570409,0.0,151.0
570410,47.0,439.0
570411,0.0,372.0
570412,4.0,272.0
570413,133.0,228.0
570414,0.0,169.0
570415,521.0,479.0
570416,30.0,176.0
570417,584.0,385.0
570418,0.0,369.0
570419,772.0,125.0
570420,0.0,293.0
570421,74.0,23.0
570422,2.0,301.0
570423,0.0,9.0
