;YEAR,Univ_Code,University,Enrollment,Type
2024,BYU,Brigham Young University,34299,Projected
2025,BYU,Brigham Young University,34323,Projected
2026,BYU,Brigham Young University,34347,Projected
2027,BYU,Brigham Young University,34471,Projected
2028,BYU,Brigham Young University,34595,Projected
2029,BYU,Brigham Young University,34719,Projected
2030,BYU,Brigham Young University,34843,Projected
2031,BYU,Brigham Young University,34867,Projected
2032,BYU,Brigham Young University,34891,Projected
2033,BYU,Brigham Young University,34916,Projected
2034,BYU,Brigham Young University,34940,Projected
2035,BYU,Brigham Young University,34964,Projected
2036,BYU,Brigham Young University,34988,Projected
2037,BYU,Brigham Young University,35012,Projected
2038,BYU,Brigham Young University,35036,Projected
2039,BYU,Brigham Young University,35060,Projected
2040,BYU,Brigham Young University,35084,Projected
2041,BYU,Brigham Young University,35108,Projected
2042,BYU,Brigham Young University,35132,Projected
2043,BYU,Brigham Young University,35156,Projected
2044,BYU,Brigham Young University,35180,Projected
2045,BYU,Brigham Young University,35204,Projected
2046,BYU,Brigham Young University,35228,Projected
2047,BYU,Brigham Young University,35252,Projected
2048,BYU,Brigham Young University,35276,Projected
2049,BYU,Brigham Young University,35300,Projected
2050,BYU,Brigham Young University,35324,Projected
2051,BYU,Brigham Young University,35348,Projected
2052,BYU,Brigham Young University,35373,Projected
2053,BYU,Brigham Young University,35397,Projected
2054,BYU,Brigham Young University,35421,Projected
2055,BYU,Brigham Young University,35445,Projected
2056,BYU,Brigham Young University,35469,Projected
2057,BYU,Brigham Young University,35493,Projected
2058,BYU,Brigham Young University,35517,Projected
2059,BYU,Brigham Young University,35541,Projected
2060,BYU,Brigham Young University,35565,Projected
2024,Ensign,Ensign College,1783,Projected
2025,Ensign,Ensign College,1894,Projected
2026,Ensign,Ensign College,2013,Projected
2027,Ensign,Ensign College,2125,Projected
2028,Ensign,Ensign College,2213,Projected
2029,Ensign,Ensign College,2284,Projected
2030,Ensign,Ensign College,2346,Projected
2031,Ensign,Ensign College,2404,Projected
2032,Ensign,Ensign College,2452,Projected
2033,Ensign,Ensign College,2491,Projected
2034,Ensign,Ensign College,2535,Projected
2035,Ensign,Ensign College,2575,Projected
2036,Ensign,Ensign College,2614,Projected
2037,Ensign,Ensign College,2660,Projected
2038,Ensign,Ensign College,2703,Projected
2039,Ensign,Ensign College,2727,Projected
2040,Ensign,Ensign College,2757,Projected
2041,Ensign,Ensign College,2781,Projected
2042,Ensign,Ensign College,2809,Projected
2043,Ensign,Ensign College,2838,Projected
2044,Ensign,Ensign College,2863,Projected
2045,Ensign,Ensign College,2885,Projected
2046,Ensign,Ensign College,2926,Projected
2047,Ensign,Ensign College,2973,Projected
2048,Ensign,Ensign College,3037,Projected
2049,Ensign,Ensign College,3117,Projected
2050,Ensign,Ensign College,3223,Projected
2051,Ensign,Ensign College,3349,Projected
2052,Ensign,Ensign College,3488,Projected
2053,Ensign,Ensign College,3634,Projected
2054,Ensign,Ensign College,3780,Projected
2055,Ensign,Ensign College,3923,Projected
2056,Ensign,Ensign College,4059,Projected
2057,Ensign,Ensign College,4185,Projected
2058,Ensign,Ensign College,4300,Projected
2059,Ensign,Ensign College,4388,Projected
2060,Ensign,Ensign College,4449,Projected
2024,SLCC,Salt Lake Community College,22329,Projected
2025,SLCC,Salt Lake Community College,22972,Projected
2026,SLCC,Salt Lake Community College,23688,Projected
2027,SLCC,Salt Lake Community College,24283,Projected
2028,SLCC,Salt Lake Community College,24596,Projected
2029,SLCC,Salt Lake Community College,24728,Projected
2030,SLCC,Salt Lake Community College,24788,Projected
2031,SLCC,Salt Lake Community College,24833,Projected
2032,SLCC,Salt Lake Community College,24790,Projected
2033,SLCC,Salt Lake Community College,24677,Projected
2034,SLCC,Salt Lake Community College,24638,Projected
2035,SLCC,Salt Lake Community College,24581,Projected
2036,SLCC,Salt Lake Community College,24536,Projected
2037,SLCC,Salt Lake Community College,24561,Projected
2038,SLCC,Salt Lake Community College,24556,Projected
2039,SLCC,Salt Lake Community College,24377,Projected
2040,SLCC,Salt Lake Community College,24276,Projected
2041,SLCC,Salt Lake Community College,24119,Projected
2042,SLCC,Salt Lake Community College,24008,Projected
2043,SLCC,Salt Lake Community College,23901,Projected
2044,SLCC,Salt Lake Community College,23771,Projected
2045,SLCC,Salt Lake Community College,23618,Projected
2046,SLCC,Salt Lake Community College,23655,Projected
2047,SLCC,Salt Lake Community College,23723,Projected
2048,SLCC,Salt Lake Community College,23943,Projected
2049,SLCC,Salt Lake Community College,24280,Projected
2050,SLCC,Salt Lake Community College,24818,Projected
2051,SLCC,Salt Lake Community College,25494,Projected
2052,SLCC,Salt Lake Community College,26258,Projected
2053,SLCC,Salt Lake Community College,27065,Projected
2054,SLCC,Salt Lake Community College,27866,Projected
2055,SLCC,Salt Lake Community College,28634,Projected
2056,SLCC,Salt Lake Community College,29350,Projected
2057,SLCC,Salt Lake Community College,30001,Projected
2058,SLCC,Salt Lake Community College,30578,Projected
2059,SLCC,Salt Lake Community College,30961,Projected
2060,SLCC,Salt Lake Community College,31162,Projected
2024,UVU,Utah Valley University,40212,Projected
2025,UVU,Utah Valley University,42113,Projected
2026,UVU,Utah Valley University,43924,Projected
2027,UVU,Utah Valley University,46041,Projected
2028,UVU,Utah Valley University,47658,Projected
2029,UVU,Utah Valley University,48773,Projected
2030,UVU,Utah Valley University,49587,Projected
2031,UVU,Utah Valley University,50178,Projected
2032,UVU,Utah Valley University,50466,Projected
2033,UVU,Utah Valley University,50536,Projected
2034,UVU,Utah Valley University,50571,Projected
2035,UVU,Utah Valley University,50557,Projected
2036,UVU,Utah Valley University,50633,Projected
2037,UVU,Utah Valley University,50874,Projected
2038,UVU,Utah Valley University,51194,Projected
2039,UVU,Utah Valley University,51496,Projected
2040,UVU,Utah Valley University,51818,Projected
2041,UVU,Utah Valley University,52155,Projected
2042,UVU,Utah Valley University,52676,Projected
2043,UVU,Utah Valley University,53251,Projected
2044,UVU,Utah Valley University,53828,Projected
2045,UVU,Utah Valley University,54363,Projected
2046,UVU,Utah Valley University,55018,Projected
2047,UVU,Utah Valley University,55842,Projected
2048,UVU,Utah Valley University,56950,Projected
2049,UVU,Utah Valley University,58347,Projected
2050,UVU,Utah Valley University,60160,Projected
2051,UVU,Utah Valley University,62376,Projected
2052,UVU,Utah Valley University,64858,Projected
2053,UVU,Utah Valley University,67448,Projected
2054,UVU,Utah Valley University,69971,Projected
2055,UVU,Utah Valley University,72325,Projected
2056,UVU,Utah Valley University,74432,Projected
2057,UVU,Utah Valley University,76237,Projected
2058,UVU,Utah Valley University,77716,Projected
2059,UVU,Utah Valley University,78578,Projected
2060,UVU,Utah Valley University,78896,Projected
2024,UofU,University of Utah,33268,Projected
2025,UofU,University of Utah,33501,Projected
2026,UofU,University of Utah,33735,Projected
2027,UofU,University of Utah,33968,Projected
2028,UofU,University of Utah,34202,Projected
2029,UofU,University of Utah,34436,Projected
2030,UofU,University of Utah,34669,Projected
2031,UofU,University of Utah,34903,Projected
2032,UofU,University of Utah,35136,Projected
2033,UofU,University of Utah,35370,Projected
2034,UofU,University of Utah,35603,Projected
2035,UofU,University of Utah,35837,Projected
2036,UofU,University of Utah,36071,Projected
2037,UofU,University of Utah,36304,Projected
2038,UofU,University of Utah,36538,Projected
2039,UofU,University of Utah,36771,Projected
2040,UofU,University of Utah,37005,Projected
2041,UofU,University of Utah,37239,Projected
2042,UofU,University of Utah,37472,Projected
2043,UofU,University of Utah,37706,Projected
2044,UofU,University of Utah,37939,Projected
2045,UofU,University of Utah,38173,Projected
2046,UofU,University of Utah,38406,Projected
2047,UofU,University of Utah,38640,Projected
2048,UofU,University of Utah,38874,Projected
2049,UofU,University of Utah,39107,Projected
2050,UofU,University of Utah,39341,Projected
2051,UofU,University of Utah,39574,Projected
2052,UofU,University of Utah,39808,Projected
2053,UofU,University of Utah,40042,Projected
2054,UofU,University of Utah,40275,Projected
2055,UofU,University of Utah,40509,Projected
2056,UofU,University of Utah,40742,Projected
2057,UofU,University of Utah,40976,Projected
2058,UofU,University of Utah,41209,Projected
2059,UofU,University of Utah,41443,Projected
2060,UofU,University of Utah,41677,Projected
2024,WSU,Weber State University,27152,Projected
2025,WSU,Weber State University,28564,Projected
2026,WSU,Weber State University,30144,Projected
2027,WSU,Weber State University,31495,Projected
2028,WSU,Weber State University,32204,Projected
2029,WSU,Weber State University,32713,Projected
2030,WSU,Weber State University,33203,Projected
2031,WSU,Weber State University,33636,Projected
2032,WSU,Weber State University,33957,Projected
2033,WSU,Weber State University,34240,Projected
2034,WSU,Weber State University,34611,Projected
2035,WSU,Weber State University,34853,Projected
2036,WSU,Weber State University,35072,Projected
2037,WSU,Weber State University,35254,Projected
2038,WSU,Weber State University,35357,Projected
2039,WSU,Weber State University,35254,Projected
2040,WSU,Weber State University,35182,Projected
2041,WSU,Weber State University,34947,Projected
2042,WSU,Weber State University,34869,Projected
2043,WSU,Weber State University,34850,Projected
2044,WSU,Weber State University,34845,Projected
2045,WSU,Weber State University,34850,Projected
2046,WSU,Weber State University,35141,Projected
2047,WSU,Weber State University,35476,Projected
2048,WSU,Weber State University,36091,Projected
2049,WSU,Weber State University,36904,Projected
2050,WSU,Weber State University,37978,Projected
2051,WSU,Weber State University,39262,Projected
2052,WSU,Weber State University,40686,Projected
2053,WSU,Weber State University,42193,Projected
2054,WSU,Weber State University,43723,Projected
2055,WSU,Weber State University,45236,Projected
2056,WSU,Weber State University,46698,Projected
2057,WSU,Weber State University,48090,Projected
2058,WSU,Weber State University,49389,Projected
2059,WSU,Weber State University,50388,Projected
2060,WSU,Weber State University,51093,Projected
2024,Westmin,Westminster College,1470,Projected
2025,Westmin,Westminster College,1749,Projected
2026,Westmin,Westminster College,2041,Projected
2027,Westmin,Westminster College,2326,Projected
2028,Westmin,Westminster College,2586,Projected
2029,Westmin,Westminster College,2824,Projected
2030,Westmin,Westminster College,3049,Projected
2031,Westmin,Westminster College,3268,Projected
2032,Westmin,Westminster College,3470,Projected
2033,Westmin,Westminster College,3656,Projected
2034,Westmin,Westminster College,3627,Projected
2035,Westmin,Westminster College,3596,Projected
2036,Westmin,Westminster College,3568,Projected
2037,Westmin,Westminster College,3550,Projected
2038,Westmin,Westminster College,3528,Projected
2039,Westmin,Westminster College,3479,Projected
2040,Westmin,Westminster College,3443,Projected
2041,Westmin,Westminster College,3399,Projected
2042,Westmin,Westminster College,3362,Projected
2043,Westmin,Westminster College,3326,Projected
2044,Westmin,Westminster College,3286,Projected
2045,Westmin,Westminster College,3244,Projected
2046,Westmin,Westminster College,3231,Projected
2047,Westmin,Westminster College,3221,Projected
2048,Westmin,Westminster College,3233,Projected
2049,Westmin,Westminster College,3260,Projected
2050,Westmin,Westminster College,3315,Projected
2051,Westmin,Westminster College,3387,Projected
2052,Westmin,Westminster College,3470,Projected
2053,Westmin,Westminster College,3559,Projected
2054,Westmin,Westminster College,3646,Projected
2055,Westmin,Westminster College,3729,Projected
2056,Westmin,Westminster College,3805,Projected
2057,Westmin,Westminster College,3873,Projected
2058,Westmin,Westminster College,3932,Projected
2059,Westmin,Westminster College,3966,Projected
2060,Westmin,Westminster College,3978,Projected
