;Z,ENSIGN,WESTMIN,WSU_MAIN,WSU_DAVIS,SLCC_SC,BYU,SLCC_MAIN,UVU_MAIN,UOFU_MAIN,SLCC_JD,SLCC_ML
5,4,3,0,0,0,0,0,0,0,0,0
8,0,0,57,0,0,0,0,0,0,0,0
24,0,0,0,5,0,0,0,0,0,0,0
25,0,0,7,0,0,0,0,0,0,0,0
26,0,2,0,0,0,0,0,0,0,0,0
29,0,0,0,22,0,0,0,0,0,0,0
30,3,0,0,0,0,0,0,0,0,0,0
35,0,3,11,0,0,0,0,0,0,0,0
40,0,0,0,3,4,0,0,0,0,0,0
41,0,1,0,0,0,0,0,0,0,0,0
42,0,0,5,0,0,0,0,0,0,0,0
43,0,0,7,0,0,0,0,0,0,0,0
55,0,0,0,0,0,1,0,0,0,0,0
66,0,0,0,0,0,1,0,0,0,0,0
69,0,0,0,0,0,1,0,0,0,0,0
75,0,0,5,2,0,0,17,0,0,0,0
78,0,0,23,0,0,0,0,0,0,0,0
80,0,0,8,2,0,0,0,0,0,0,0
89,0,0,0,1,0,0,0,0,0,0,0
91,0,0,24,0,0,1,0,0,0,0,0
92,0,0,0,0,0,2,0,0,0,0,0
95,0,0,7,0,0,0,0,0,0,0,0
101,0,0,25,0,0,0,0,0,0,0,0
105,0,0,9,0,0,0,0,0,0,0,0
138,0,0,27,0,0,0,0,0,0,0,0
143,0,0,17,0,0,0,0,0,0,0,0
174,0,0,3,0,0,0,0,0,0,0,0
175,0,0,0,0,0,1,0,0,0,0,0
177,0,0,0,0,0,2,0,0,0,0,0
178,0,0,3,0,0,0,0,0,0,0,0
185,0,0,3,0,0,0,0,0,0,0,0
189,0,0,21,0,0,0,0,0,0,0,0
193,0,0,18,0,0,0,0,0,0,0,0
196,0,0,15,0,0,0,0,0,0,0,0
197,0,0,24,0,0,0,0,0,0,0,0
206,0,0,0,4,0,0,0,0,0,0,0
208,0,0,0,0,0,0,0,5,0,0,0
213,0,0,20,0,0,0,0,0,0,0,0
214,0,0,0,4,0,0,0,0,0,0,0
215,0,0,2,0,0,0,0,0,0,0,0
217,0,0,24,0,0,0,0,0,0,0,0
218,0,0,3,0,0,0,0,0,0,0,0
219,0,0,17,2,0,0,0,21,0,0,0
220,0,0,0,9,0,0,0,0,0,0,0
221,0,0,3,0,0,0,0,0,0,0,0
222,0,0,0,0,0,2,0,0,0,0,0
223,0,0,6,4,0,0,0,0,0,0,0
224,0,0,17,0,0,0,0,0,0,0,0
225,0,0,0,0,0,0,0,0,0,0,0
226,0,0,15,4,0,0,0,0,0,0,0
227,0,1,0,0,0,0,0,0,0,0,0
228,0,0,21,0,0,0,0,0,0,0,0
229,0,0,3,0,0,0,0,0,0,0,0
233,0,0,0,1,0,0,0,0,0,0,0
234,0,0,0,20,0,0,0,0,0,0,0
235,0,0,0,0,0,0,0,0,7,0,0
236,0,0,25,0,0,0,0,0,0,0,0
238,0,0,2,0,0,0,0,0,19,0,0
245,0,0,4,0,0,0,0,0,0,0,0
246,0,0,41,0,0,0,0,0,0,0,0
247,0,0,10,8,0,0,0,21,0,0,0
248,0,0,3,0,0,0,0,0,0,0,0
249,4,0,32,0,0,0,0,0,48,0,0
250,0,0,40,0,0,0,0,0,0,0,0
251,0,0,1,0,0,0,0,3,0,0,0
252,0,0,0,0,0,0,0,0,0,0,0
253,0,0,3,3,0,0,0,0,0,0,0
254,0,0,2,0,0,0,0,0,0,0,0
255,0,0,9,0,0,0,0,0,0,0,0
257,0,0,5,0,0,0,0,0,0,0,0
263,0,0,25,0,0,0,0,0,0,0,0
264,0,0,13,16,0,0,0,0,0,1,0
265,0,0,20,6,0,0,0,0,0,0,0
266,0,0,19,0,0,0,0,0,0,0,0
267,0,0,54,8,0,0,0,0,0,0,0
268,0,0,54,0,0,0,0,0,0,0,0
269,0,0,8,0,0,0,0,0,0,0,0
270,0,0,1,0,0,0,0,0,0,0,0
271,0,0,14,0,0,0,0,0,0,0,0
272,0,0,6,0,0,0,0,0,0,0,0
273,0,0,6,16,0,0,0,0,0,0,0
274,0,0,89,0,0,0,0,0,0,0,0
276,0,0,5,0,0,0,0,0,0,0,0
278,0,0,29,3,0,0,0,0,17,0,0
279,0,0,2,0,0,0,0,0,28,0,0
281,0,0,3,8,0,0,0,0,0,0,0
282,0,0,17,0,0,0,0,0,0,0,0
283,0,0,2,0,0,0,0,0,0,0,0
284,0,0,28,0,0,0,0,0,0,0,0
286,0,0,2,3,0,0,0,0,0,0,0
287,0,0,6,0,0,0,0,0,0,0,0
288,0,0,16,11,0,0,0,0,0,0,0
291,0,0,25,0,0,0,0,0,0,0,0
293,0,0,13,0,0,0,0,0,0,0,0
294,0,0,2,2,0,0,0,0,5,0,0
297,0,0,3,4,0,0,0,0,0,0,0
302,0,0,6,0,0,0,0,0,0,0,0
303,0,0,0,1,0,0,0,0,0,0,0
304,0,0,2,0,0,0,0,0,0,0,0
307,0,0,3,0,0,0,0,0,0,0,0
308,0,0,0,0,0,0,0,0,3,0,0
309,0,1,1,4,0,0,0,0,0,0,0
312,0,0,2,2,0,0,0,0,0,0,0
313,0,0,6,0,0,0,0,0,0,0,0
314,0,0,3,2,0,0,0,0,0,0,0
316,0,0,46,11,0,0,0,0,0,0,0
317,0,0,3,0,0,0,0,0,35,0,0
318,0,0,106,0,0,0,0,0,0,0,0
320,0,0,27,4,0,0,0,0,0,0,0
321,0,0,10,0,0,0,0,0,0,0,0
322,0,0,0,2,0,0,0,0,0,0,0
323,0,0,10,14,0,0,0,0,0,0,0
324,0,0,9,0,0,0,0,0,0,0,0
325,0,0,13,0,0,0,0,0,0,0,0
327,0,0,29,3,0,0,0,0,0,0,0
328,0,0,9,0,0,0,0,0,0,0,0
329,0,0,41,3,0,0,0,0,0,0,0
330,0,0,24,0,0,0,0,0,0,0,0
331,0,0,63,0,0,0,0,0,0,0,0
332,0,0,0,3,0,0,0,0,28,0,0
333,0,0,24,0,0,0,0,0,0,0,0
334,0,0,5,0,0,0,0,0,0,0,0
335,0,0,14,12,0,0,0,0,0,0,0
336,0,0,4,0,0,0,0,0,0,0,0
337,0,0,8,0,0,0,0,0,0,0,0
338,0,0,57,9,0,0,0,0,0,0,0
340,0,0,8,6,0,0,0,0,4,0,0
341,0,0,1,0,0,0,0,0,0,0,0
342,0,0,20,3,0,0,0,0,0,0,0
343,0,0,1,0,0,0,0,0,0,0,0
344,0,0,3,2,0,0,0,0,0,0,0
345,0,0,8,0,0,0,0,0,0,0,0
346,0,0,42,3,0,0,0,0,0,0,0
347,3,0,9,0,0,1,0,0,0,0,0
348,0,0,19,5,0,1,0,0,0,0,0
349,0,0,6,0,0,0,0,0,0,0,0
350,0,0,3,0,0,0,0,0,0,0,0
352,0,0,1,0,0,0,0,0,0,0,0
353,0,0,0,0,0,0,0,0,0,0,0
356,0,0,20,0,0,1,0,0,0,0,0
358,0,0,25,0,0,1,0,0,0,0,0
359,0,0,5,0,0,0,0,0,0,0,0
360,0,0,27,0,0,0,0,0,0,0,0
361,0,0,11,1,0,0,0,0,0,0,0
362,0,0,3,0,0,0,0,0,0,0,0
363,0,0,6,0,0,0,0,0,0,0,0
368,0,0,6,0,0,0,0,0,0,0,0
372,0,0,7,1,0,0,7,0,0,0,0
373,0,0,6,0,0,0,0,0,13,0,0
374,0,0,21,2,0,0,0,0,0,0,0
375,0,0,9,1,0,0,1,0,0,0,0
376,0,0,1,0,0,0,0,0,0,0,0
377,0,0,28,0,0,0,0,0,0,0,0
378,0,0,5,0,0,0,0,0,0,0,0
379,0,0,42,0,0,0,0,0,0,0,0
380,0,0,33,0,0,0,0,0,0,0,0
381,0,0,79,0,0,0,0,0,0,0,0
382,0,0,3,0,0,0,0,0,0,0,0
387,0,0,9,0,0,0,0,0,0,0,0
390,0,0,2,0,0,0,0,0,0,0,0
391,0,0,0,0,0,0,0,0,0,0,0
393,0,0,6,0,0,0,0,0,0,0,0
396,0,0,9,0,0,0,0,0,0,0,0
397,0,0,14,3,0,0,0,0,0,0,0
398,0,0,51,2,0,0,0,0,0,0,0
399,0,0,8,3,0,0,0,0,0,0,0
400,0,0,24,0,0,0,0,0,0,0,0
401,0,0,5,0,0,0,0,0,0,0,0
402,0,0,15,3,0,0,0,0,43,0,0
403,0,0,14,4,0,0,0,0,0,0,0
404,0,0,25,0,0,0,0,0,0,0,0
410,0,0,3,0,0,0,0,0,0,0,0
412,0,0,1,0,0,0,0,0,0,0,0
413,0,0,4,0,0,0,0,0,0,0,0
414,0,0,4,0,0,0,0,0,0,0,0
415,0,0,10,0,0,0,0,0,0,0,0
416,0,0,2,0,0,0,0,0,0,0,0
417,0,0,12,2,0,0,0,0,0,0,0
418,0,0,6,3,0,0,0,0,0,0,0
419,0,0,48,16,0,0,0,0,0,0,0
420,0,0,16,4,0,1,0,0,0,0,0
421,0,0,6,0,0,0,0,0,0,0,0
423,0,0,0,0,0,0,0,0,0,0,0
425,0,0,6,1,0,0,0,0,0,0,0
426,0,0,3,0,0,0,0,0,0,0,0
427,0,0,6,1,0,0,0,0,8,0,0
428,0,0,2,0,0,0,0,0,0,0,0
429,0,0,6,1,0,0,0,0,0,0,0
430,0,0,32,4,0,0,0,0,0,0,0
431,0,0,2,0,0,0,0,0,0,0,0
432,0,0,34,3,0,0,0,0,0,0,0
433,0,0,19,2,0,0,0,0,0,0,0
435,0,0,2,0,0,0,0,0,0,0,0
436,0,0,33,2,0,0,0,0,0,0,0
437,0,0,2207,13,0,0,0,0,0,0,0
438,0,0,30,4,0,0,0,0,0,0,0
439,0,0,3,3,0,0,0,0,0,0,0
440,0,0,4,1,0,0,0,0,2,0,0
441,0,1,101,3,0,0,0,0,0,0,0
442,0,1,15,4,0,0,0,0,9,0,0
443,0,0,555,20,0,0,0,0,11,0,0
444,0,0,7,0,0,0,0,0,0,0,1
445,4,0,6,0,0,0,0,0,0,0,0
446,0,0,8,2,0,0,0,0,0,0,0
447,0,0,2,0,0,0,6,0,0,0,0
448,0,0,1,0,0,0,0,0,0,0,0
449,0,0,0,0,0,0,9,0,0,0,0
450,0,0,2,0,0,0,20,0,0,0,0
452,0,0,0,0,0,2,0,0,0,0,0
453,0,0,2,0,0,1,0,0,0,0,0
454,0,0,4,0,0,1,0,15,0,0,0
455,0,0,3,1,0,0,0,0,22,0,0
456,0,0,6,6,0,0,0,0,0,0,0
457,0,0,1,1,0,0,0,0,0,0,0
458,0,0,2,0,0,1,0,0,0,0,0
459,0,0,11,0,0,0,0,0,0,0,0
460,0,0,14,0,0,0,0,0,0,0,0
461,0,0,54,0,0,0,0,0,0,0,0
462,0,0,8,0,0,0,0,0,0,0,0
465,0,0,3,3,0,0,0,0,0,0,0
467,0,0,14,0,0,0,0,0,0,0,0
468,0,0,3,0,0,0,0,0,0,0,0
469,4,0,15,6,0,0,0,0,0,0,0
470,0,0,3,57,0,0,0,0,0,0,1
471,0,0,2,4,0,2,0,0,0,0,0
472,0,0,3,0,0,0,0,0,0,0,0
473,0,0,14,18,0,0,0,0,0,0,0
474,0,0,3,0,0,0,0,0,0,0,0
475,0,0,0,6,0,0,0,0,0,0,0
477,0,0,0,3,0,0,0,0,0,0,0
478,0,0,0,0,0,5,0,0,0,0,0
480,0,0,3,0,0,0,0,0,0,0,0
481,0,0,0,3,0,2,0,0,0,0,0
482,0,0,5,0,0,0,0,0,0,0,0
484,0,0,14,0,0,0,0,0,0,0,0
485,0,0,4,3,0,0,0,0,0,0,0
488,0,0,24,0,0,0,0,0,0,0,0
489,0,0,8,0,0,1,0,0,0,0,0
492,0,0,66,3,0,0,0,0,0,0,0
493,0,0,0,0,0,0,5,0,0,0,0
496,0,0,34,5,0,0,0,0,0,0,0
497,0,0,0,0,1,0,0,0,0,0,0
498,0,0,2,3,0,0,0,0,0,0,0
499,0,0,9,2,0,0,0,0,0,0,0
500,0,0,10,2,0,0,0,0,21,0,0
501,0,0,61,0,0,0,0,0,0,0,0
502,0,0,7,0,0,0,0,0,5,0,0
503,0,0,0,7,0,0,0,0,0,0,0
504,0,0,11,3,0,0,0,0,0,0,0
505,0,0,32,0,0,0,0,0,0,0,0
506,0,0,22,11,0,0,0,0,0,0,0
507,0,0,1,0,0,0,0,0,0,0,0
508,0,0,58,0,0,0,0,0,0,0,0
509,0,0,15,2,0,0,0,0,0,0,0
510,0,0,0,0,0,0,0,0,4,0,0
511,0,0,4,2,0,0,0,0,2,0,0
512,0,0,5,21,0,0,0,0,0,0,0
513,0,0,0,14,0,0,0,0,0,0,0
514,0,0,1,1,0,0,0,0,0,0,0
515,0,0,17,0,0,0,0,0,0,0,0
516,0,0,6,3,0,0,0,0,0,0,0
517,0,0,18,0,0,0,0,0,0,0,0
518,0,0,8,3,0,0,0,0,0,0,0
520,0,0,29,0,0,0,0,0,25,0,0
521,0,0,31,2,0,0,22,0,0,0,0
522,0,0,0,3,0,1,14,0,0,0,0
523,0,0,22,14,2,0,0,0,0,0,0
524,0,0,31,0,0,0,0,0,0,0,0
525,0,0,6,0,0,0,0,0,0,0,0
526,0,0,2,1,0,0,0,0,0,0,0
528,0,0,0,0,0,2,0,0,0,0,0
529,0,0,5,1,0,0,0,0,0,0,0
530,0,0,19,2,0,1,0,0,0,0,0
531,0,0,1,0,0,0,0,0,0,0,0
533,0,0,4,1,0,0,0,0,0,0,0
535,0,0,7,0,0,0,0,0,0,0,0
537,0,0,11,7,0,0,0,0,0,0,0
538,0,0,5,1,0,0,3,0,0,0,0
539,0,0,6,0,0,0,0,0,0,0,0
542,0,0,4,0,0,0,0,0,0,0,0
543,0,0,78,0,0,0,0,0,0,0,0
544,0,0,51,1,0,0,0,0,0,0,0
545,0,0,41,2,0,0,0,0,0,0,0
546,0,0,0,7,0,0,0,0,0,0,0
547,0,0,18,1,0,0,0,0,0,0,0
548,0,0,10,1,0,0,0,0,0,0,0
550,0,0,1,0,0,0,0,0,0,0,0
551,0,0,61,0,0,0,27,0,0,0,0
554,0,0,12,0,2,0,0,0,0,0,0
555,0,0,1,0,0,0,0,0,0,0,0
556,0,0,6,0,0,0,0,0,0,0,0
557,0,0,6,0,0,0,0,0,0,0,0
558,0,0,3,0,0,0,0,0,0,0,0
560,0,0,8,4,0,0,0,0,30,0,0
561,0,0,18,3,0,0,0,0,0,0,0
562,0,0,1,0,0,0,0,0,0,0,0
563,0,0,31,0,0,3,0,0,0,0,0
564,0,0,17,8,0,0,0,0,0,0,0
565,0,0,17,1,0,0,0,0,0,0,0
566,0,0,5,6,0,0,0,0,0,0,0
567,0,0,1,4,0,0,0,0,30,0,0
568,0,0,11,1,0,0,0,0,0,0,0
569,0,0,5,7,0,0,0,0,10,0,0
570,0,2,19,11,0,0,0,17,0,0,0
571,0,0,24,17,0,1,0,0,0,3,0
572,0,0,86,3,0,0,0,0,46,0,0
573,0,0,7,0,0,0,0,0,30,0,0
574,0,0,3,0,0,0,0,0,0,0,0
575,0,0,5,1,0,0,0,0,0,0,0
584,0,0,0,0,0,0,0,0,27,0,0
588,0,0,0,1,0,0,0,0,0,0,1
589,0,0,0,7,0,0,0,0,0,0,0
591,0,0,0,1,0,0,0,0,0,0,0
592,0,0,0,2,0,0,0,0,18,0,0
593,0,0,0,2,0,0,0,0,0,0,0
594,0,0,0,2,0,0,0,0,0,0,0
595,0,0,69,4,0,0,0,0,0,0,0
596,0,0,7,5,0,0,0,0,8,0,0
597,0,0,0,1,0,0,0,0,0,0,0
598,0,0,0,1,0,0,0,0,0,0,0
599,0,0,0,2,0,0,0,0,0,0,0
600,0,0,9,1,0,0,0,0,4,0,0
601,0,0,0,2,0,0,0,0,4,0,0
603,0,0,55,0,0,0,0,0,0,0,0
604,0,0,31,0,0,0,0,0,4,0,0
606,0,0,79,2,0,0,0,0,0,0,0
607,0,0,0,2,0,0,0,0,0,0,0
609,0,0,20,3,0,0,0,0,14,0,0
610,0,0,0,0,0,0,0,0,0,0,0
611,0,0,45,9,0,0,0,0,0,0,0
612,0,0,0,3,0,0,0,0,8,0,0
614,0,0,59,5,0,0,0,0,0,0,0
615,0,0,1,0,0,0,0,0,0,0,0
616,0,0,23,7,0,0,0,0,4,0,0
617,0,0,4,3,16,0,0,0,0,0,0
618,2,0,19,1,0,0,0,0,0,0,0
620,0,0,4,6,0,0,0,0,0,0,0
621,0,0,8,3,0,0,0,0,0,0,0
622,0,0,21,0,0,0,0,0,0,0,0
624,0,0,5,2,0,0,0,0,0,0,0
625,0,0,34,2,0,0,0,0,0,0,0
627,0,0,18,2,0,0,0,0,13,0,0
632,0,0,5,2,0,0,0,0,0,0,0
634,0,0,0,0,0,0,0,0,8,1,0
635,0,0,0,0,0,0,0,17,0,0,0
636,0,0,0,1,0,0,0,0,0,0,0
637,0,0,34,39,0,0,0,0,11,0,0
638,0,0,32,6,0,3,0,0,0,0,0
641,0,0,15,0,0,0,0,0,0,0,0
642,0,0,16,9,0,0,0,0,37,0,0
643,0,0,40,1,0,0,0,0,0,0,0
644,0,0,47,1,0,0,0,0,0,0,0
645,0,0,8,3,0,0,0,0,0,0,0
646,0,0,4,4,0,0,0,0,1,16,0
648,8,0,4,7,0,0,0,0,0,0,0
649,0,0,0,2,0,0,0,0,0,0,0
650,0,0,0,2,0,0,0,0,0,0,0
652,0,0,0,0,0,0,0,0,0,0,0
653,2,0,2,5,0,0,0,0,0,0,0
654,0,0,0,3,0,0,0,0,0,0,0
655,0,0,0,4,0,0,0,0,0,0,0
656,0,0,31,8,0,0,0,0,0,0,0
658,0,0,3,4,0,0,0,0,4,0,0
659,0,0,1,2,0,0,0,0,1,0,0
660,0,0,3,2,3,0,109,0,0,0,0
661,2,1,5,6,0,0,0,0,2,0,0
662,0,0,12,108,0,1,0,0,0,0,0
663,0,0,2,0,0,0,0,0,0,0,0
664,0,0,51,10,0,0,0,0,2,4,0
665,0,0,35,10,0,1,0,0,0,0,0
666,8,0,57,5,0,0,0,0,55,0,0
667,0,0,0,2,0,0,0,0,0,0,0
668,0,0,0,4,0,0,0,0,0,0,0
669,0,0,6,3,0,0,0,9,0,0,0
670,0,0,77,6,0,0,0,68,50,0,0
671,0,0,11,38,0,0,0,0,0,0,0
672,3,0,7,3,0,0,0,0,0,0,0
673,0,0,10,7,0,0,0,0,0,0,0
674,0,0,27,7,0,0,0,0,22,0,0
675,0,0,49,3,0,0,0,0,0,0,0
677,0,0,0,3,0,0,0,0,0,0,0
678,0,0,20,2,0,0,0,0,0,0,0
679,5,0,39,6,0,0,0,0,0,0,0
680,0,0,17,19,0,0,0,0,4,0,0
681,2,0,29,44,0,1,0,0,53,0,0
682,0,0,156,8,0,0,0,0,7,0,0
684,0,0,0,2,0,0,0,0,0,0,0
685,0,0,0,2,0,0,0,0,0,0,0
686,0,0,39,9,0,0,0,0,0,0,0
687,0,0,20,17,0,0,0,0,0,0,0
690,0,0,18,3,0,0,0,0,0,0,0
691,0,0,26,6,0,0,0,0,0,0,0
692,0,0,15,4,0,0,0,0,0,0,0
693,2,0,153,19,0,0,14,0,0,0,0
694,0,0,0,8,0,0,0,23,0,0,0
695,0,0,0,0,0,0,0,0,0,0,0
696,0,0,58,15,0,0,46,0,0,0,1
697,0,0,84,11,0,1,0,18,0,0,0
698,0,0,53,4,0,0,0,0,35,0,1
699,0,0,7,12,0,0,0,0,0,0,0
700,0,0,8,20,0,0,0,0,3,0,0
701,0,0,15,37,0,0,0,26,0,0,0
702,0,0,72,2,0,0,0,0,0,0,0
703,0,0,22,10,1,0,0,0,2,0,0
704,1,0,12,18,0,0,6,31,2,0,0
705,0,0,57,13,1,0,0,0,0,0,0
706,0,0,6,1,0,0,0,0,0,0,0
707,0,0,28,17,4,0,0,0,0,0,0
708,0,0,109,13,6,0,63,0,0,0,0
709,0,0,0,0,0,0,0,0,3,0,0
710,3,0,5,5,1,0,0,0,2,0,0
712,0,0,1,0,0,0,0,0,0,0,0
713,0,0,4,8,0,0,0,0,0,0,0
714,0,0,55,6,6,0,0,0,62,0,0
715,0,0,0,1,0,0,0,0,0,0,0
716,0,0,3,0,0,0,0,0,6,0,0
717,0,0,0,2,3,0,0,0,0,0,0
718,0,0,0,0,0,0,0,0,0,0,0
720,0,0,1,7,0,0,0,0,1,0,0
721,0,0,0,2,0,0,0,0,5,0,0
722,0,0,8,2,0,0,0,0,0,0,2
723,0,0,44,11,0,0,0,0,0,0,0
724,0,0,3,14,0,0,0,0,0,0,0
725,0,0,3,1,0,0,0,0,6,0,0
726,0,0,0,0,10,0,0,0,0,0,0
728,0,0,4,0,0,0,0,0,4,0,0
729,0,0,9,0,0,0,0,0,1,0,0
730,0,0,48,10,0,0,0,22,54,0,0
731,0,0,37,4,0,0,0,0,0,0,0
732,0,0,0,2,0,0,0,0,0,0,0
733,0,0,0,0,0,0,0,0,3,0,0
734,0,0,0,1,0,1,0,0,0,0,0
735,0,0,22,1,0,0,0,0,29,0,0
736,7,0,33,2,0,0,30,0,0,0,0
737,0,0,2,0,0,0,0,0,17,0,0
738,0,0,1,1,0,0,0,0,0,0,0
739,0,0,12,10,0,0,0,0,0,0,0
741,0,0,0,1,0,0,0,0,0,0,0
742,0,0,0,1,0,0,0,0,0,0,0
743,0,0,28,1,0,1,0,0,120,0,0
744,0,0,28,26,0,3,0,0,9,0,0
746,0,0,0,0,0,0,0,0,0,0,0
747,3,0,3,5,0,0,0,10,0,0,0
748,0,0,4,2,0,2,0,0,47,0,0
749,0,0,0,2,0,0,0,0,20,0,0
750,0,0,20,5,0,0,29,0,4,0,0
752,0,0,0,0,15,0,0,0,0,0,0
754,0,0,95,10,0,0,0,0,8,0,0
755,4,0,11,5,0,0,0,0,0,0,0
756,0,0,7,5,0,2,0,0,3,0,0
757,2,0,5,5,0,0,0,36,24,0,0
758,0,0,4,6,0,0,0,67,4,0,0
759,0,0,43,2,0,0,0,35,0,0,0
760,0,0,8,0,0,1,0,28,7,0,0
761,7,0,5,3,0,0,0,7,0,0,0
762,0,0,0,5,0,0,0,39,0,0,0
763,0,0,22,3,0,0,0,0,0,0,0
764,7,0,187,3,0,1,0,0,43,0,0
765,0,0,0,19,0,3,0,0,12,0,0
766,0,0,2,0,0,0,0,0,44,0,0
767,0,0,1,0,0,0,0,0,19,7,0
768,0,0,13,8,0,0,68,0,9,0,0
769,0,0,11,1,0,0,0,0,0,0,0
770,0,0,17,6,0,0,0,0,50,0,0
771,2,0,9,0,0,0,0,0,2,0,0
772,0,0,11,1,0,0,0,0,12,0,0
773,0,0,10,4,0,0,0,39,6,0,0
774,0,0,7,0,0,0,62,0,3,0,0
775,0,0,12,3,4,0,0,17,5,0,0
776,9,0,15,1,0,0,0,0,5,0,1
777,0,0,0,0,0,0,0,0,0,0,0
778,4,0,18,4,0,2,0,0,0,0,0
779,0,0,4,9,0,0,0,40,6,0,0
780,0,0,2,1,3,0,21,0,5,11,0
782,0,0,3,10,0,0,0,0,26,0,0
784,0,0,13,3,0,0,0,0,0,0,0
785,0,0,14,5,0,0,0,0,126,0,0
786,1,0,22,0,0,0,0,10,6,0,0
787,1,0,4,1,2,0,0,0,1,0,0
788,0,0,0,0,0,0,0,0,0,0,0
789,0,0,78,0,0,0,0,0,0,0,0
790,0,0,17,2,0,0,0,0,6,0,0
792,0,2,5,0,0,0,0,0,0,0,0
793,0,0,22,12,0,0,0,0,6,0,0
795,0,0,68,2,0,0,0,0,8,0,0
796,4,0,4,0,0,0,0,0,0,0,0
797,19,0,0,3,0,0,31,0,5,0,0
798,0,0,4,0,0,0,0,0,24,0,0
799,0,0,0,3,0,0,0,0,42,0,0
802,1,1,0,2,0,0,0,0,3,0,1
803,4,0,12,1,0,0,31,0,7,0,0
804,0,3,4,0,0,0,0,0,0,0,0
805,4,0,40,16,0,0,0,0,18,0,0
806,1,0,1,0,0,0,0,0,3,0,0
807,0,0,0,0,0,0,0,0,0,0,0
808,0,0,0,5,0,0,17,0,6,0,0
809,0,0,2,0,0,0,0,0,11,0,2
810,0,0,0,0,0,0,0,23,0,0,0
811,0,0,4,0,21,0,0,43,9,0,0
812,0,0,0,0,0,1,0,0,0,0,0
815,0,0,24,4,0,0,0,0,0,0,0
818,0,0,0,0,0,0,0,0,4,0,0
819,0,0,55,0,7,0,61,0,0,0,0
822,0,0,2,0,0,0,0,0,0,0,0
823,0,0,0,2,0,0,0,0,0,0,0
825,0,0,6,5,1,1,2,0,0,4,3
826,2,0,0,2,1,0,0,28,10,0,0
827,1,1,0,2,0,0,0,0,26,0,0
828,0,0,0,15,0,2,73,0,19,24,0
829,0,0,0,0,0,0,37,0,6,0,2
830,4,0,2,0,0,0,0,0,4,0,1
831,1,0,0,0,0,0,0,0,2,0,0
832,11,0,4,0,2,0,0,0,1,0,0
833,0,0,1,1,0,0,1,4,1,0,0
834,0,0,0,0,0,0,5,0,0,0,0
835,0,0,0,9,0,1,15,38,11,0,0
836,1,0,0,0,0,0,0,0,1,0,0
837,1,0,2,2,0,0,0,0,8,0,0
838,0,0,3,0,0,1,0,0,7,0,0
839,3,0,0,0,0,0,0,32,36,8,0
840,0,0,13,0,0,0,9,0,18,0,0
841,0,0,0,0,0,0,0,0,24,0,0
842,237,0,17,0,3,0,0,0,18,0,0
843,0,0,0,0,0,0,0,0,6,0,0
844,0,2,25,4,0,0,2,0,45,0,0
845,0,0,1,0,0,0,0,0,2,0,0
846,0,0,3,0,0,0,0,0,22,0,0
847,2,0,17,0,0,0,0,0,80,0,0
848,0,0,0,0,0,0,0,45,6,0,0
850,0,0,5,0,46,0,0,0,5,0,0
851,0,0,17,0,0,0,6,0,0,0,0
852,0,0,0,0,3,0,29,0,10,0,0
854,0,0,53,4,0,1,5,0,5,0,0
855,0,6,50,0,0,1,33,0,14,0,0
856,3,0,4,0,0,0,8,0,8,0,0
857,0,0,0,0,0,0,0,0,25,0,0
858,0,0,0,0,6,0,0,0,0,0,0
860,0,0,0,0,0,0,8,0,0,0,0
862,0,0,0,0,0,0,5,0,2,0,0
863,3,0,0,0,8,0,0,0,27,0,0
864,0,0,1,1,5,0,0,0,1,0,0
865,0,0,1,0,0,0,0,3,0,0,0
866,0,0,0,5,0,0,0,33,38,0,0
868,0,0,0,2,5,0,0,0,38,0,0
870,0,0,0,0,0,0,14,0,0,0,0
871,0,0,7,6,0,0,0,0,4,0,0
872,0,0,2,1,0,0,0,0,4,0,0
873,0,0,0,4,0,0,0,0,0,0,0
874,0,0,0,1,0,0,0,0,33,0,0
876,1,0,0,0,0,0,0,1,25,0,0
879,0,0,0,0,0,0,0,0,0,0,0
880,0,0,44,0,0,0,0,0,6,0,0
883,0,0,0,0,0,0,0,0,3,0,0
884,0,0,0,0,0,0,18,0,9,0,0
885,0,0,0,0,0,0,0,0,35,0,0
886,0,0,0,0,21,0,39,0,5,0,0
887,0,0,0,3,3,2,80,27,164,0,0
891,0,0,0,1,2,0,0,0,35,0,1
892,0,0,11,1,10,0,35,3,0,6,0
894,22,0,24,0,3,2,0,23,9,0,0
895,0,0,10,11,0,0,0,3,0,12,0
896,9,0,0,0,0,0,0,0,0,0,0
926,3,0,0,0,0,0,5,0,0,0,0
938,0,0,0,0,0,0,0,7,0,0,0
941,0,0,0,0,2,0,0,0,4,0,0
949,0,0,5,0,0,0,0,0,1,0,0
951,0,0,0,0,23,0,144,6,157,0,0
952,0,0,0,0,0,0,0,0,4,0,0
960,0,0,0,0,47,0,27,0,3,0,3
961,0,0,0,0,3,0,6,0,20,0,0
962,0,3,0,1,0,0,36,0,5,0,0
964,0,0,0,0,3,0,0,0,6,0,3
966,0,0,0,0,8,0,18,0,0,0,0
967,0,0,0,0,0,0,0,0,5,24,0
968,0,0,0,0,0,0,0,0,6,0,0
969,0,0,0,0,6,0,0,0,0,0,0
970,14,0,0,0,0,0,13,0,29,0,0
971,0,0,0,0,0,0,0,3,13,0,0
972,1,0,0,0,0,0,0,0,12,0,0
973,4,0,0,0,1,0,0,0,40,0,0
974,32,2,0,0,1,0,0,0,17,0,0
980,0,0,0,0,0,1,0,0,0,0,5
981,8,0,0,0,0,0,0,0,10,0,0
982,4,0,0,0,0,0,0,0,4,0,0
983,0,0,0,0,3,2,0,4,76,0,0
984,8,16,16,0,0,1,3,2,41,11,2
985,6,1,0,2,2,0,4,2,58,9,0
986,5,0,0,0,0,0,0,0,3,0,0
987,4,0,0,0,7,0,0,0,19,0,0
988,5,0,0,0,0,0,31,0,11,0,0
989,6,0,0,0,0,0,6,0,0,0,0
990,23,0,9,0,9,0,83,3,11,0,0
991,14,0,0,0,0,0,15,0,6,0,0
992,4,5,1,0,1,5,0,6,35,0,0
993,21,0,0,1,0,0,0,0,5,0,0
994,11,4,0,0,36,1,6,0,30,0,0
995,54,0,2,0,5,7,62,0,41,13,0
996,7,0,0,0,0,0,8,0,10,0,0
997,0,0,0,0,0,0,6,4,42,0,0
998,10,0,0,1,0,1,55,0,13,0,0
1000,0,0,0,0,0,0,0,0,1,0,0
1001,0,0,0,0,1,0,0,0,50,0,0
1002,0,3,0,0,0,0,0,0,8,0,0
1003,0,0,0,0,0,0,0,4,94,0,0
1004,0,0,0,0,0,0,0,0,33,0,0
1005,0,0,0,0,1,0,0,0,32,0,0
1006,5,0,0,1,0,0,4,2,425,0,0
1016,5,2,0,0,0,2,0,4,36,0,0
1019,0,0,0,0,0,0,0,0,0,0,0
1020,1,0,0,0,0,0,0,0,2,0,0
1021,0,0,0,4,0,0,4,0,3,0,0
1022,4,0,0,0,0,0,11,0,13,0,0
1025,15,0,0,0,0,3,53,4,7,0,0
1026,6,0,0,0,0,0,30,0,71,0,0
1027,0,0,0,0,0,0,0,0,5,0,0
1033,0,0,0,0,0,0,0,0,14,0,0
1034,8,1,1,0,4,0,1,1,9,0,0
1036,3,0,0,1,0,0,0,0,3,0,0
1037,1,1,0,0,0,0,0,0,5,0,0
1038,7,0,0,0,1,0,8,0,18,0,0
1039,5,0,0,0,0,1,4,0,59,0,0
1041,5,0,0,0,0,0,5,0,16,0,0
1042,0,1,0,0,0,0,0,0,64,0,0
1043,6,1,0,0,5,0,3,0,32,0,0
1044,1,0,0,0,0,0,0,0,5,0,0
1045,5,0,7,0,1,0,0,0,62,0,0
1046,4,0,9,0,0,1,0,0,75,0,0
1047,0,0,6,0,14,0,0,0,24,0,0
1048,1,2,0,0,0,0,1,3,34,0,0
1049,0,0,0,0,1,0,0,0,83,0,0
1050,4,33,0,0,0,0,0,0,255,0,0
1051,0,1,0,0,0,0,3,0,4050,1,0
1052,0,0,0,0,0,0,0,0,2439,0,0
1060,4,0,0,0,0,2,5,0,0,17,0
1061,0,0,0,0,0,0,0,0,55,0,0
1063,3,0,0,0,10,0,0,0,5,0,0
1064,3,0,0,0,0,0,0,0,39,0,0
1065,7,1,0,0,2,0,0,0,5,0,0
1066,1,1,0,0,0,1,1,0,45,0,0
1067,6,0,0,0,1,0,0,0,5,0,0
1069,1,2,0,0,6,1,3,4,16,0,2
1070,2,0,0,0,3,0,5,0,4,0,0
1071,1,0,0,1,3,0,0,0,7,0,0
1072,2,0,0,0,0,0,1,3,9,0,0
1073,1,0,0,0,0,0,0,0,3,0,0
1074,0,0,0,0,0,0,0,0,16,0,0
1075,0,0,0,0,0,0,0,0,0,0,0
1077,3,0,0,0,1,0,0,1,7,0,0
1079,0,0,0,0,0,0,0,0,1,0,0
1081,0,0,0,0,0,0,0,0,90,0,0
1082,0,0,4,0,0,0,0,0,3,0,0
1083,1,0,0,0,0,0,0,0,5,0,0
1084,2,1,0,0,0,0,0,0,29,2,0
1085,0,1,12,0,0,0,6,0,11,0,0
1086,0,0,0,0,0,0,1,0,24,0,0
1087,0,0,0,0,0,0,0,0,8,0,0
1088,0,1,0,0,0,0,4,0,280,0,0
1089,0,0,0,0,1,0,0,0,21,0,0
1090,1,0,0,0,0,0,0,0,34,0,0
1091,2,0,0,0,0,0,3,0,120,8,0
1092,3,0,0,0,0,0,1,0,44,0,0
1093,0,0,0,0,0,0,0,0,11,0,0
1094,10,1,0,2,2,0,2,2,157,0,0
1095,1,0,1,0,0,0,0,0,3,0,0
1096,0,0,0,0,0,0,0,0,11,0,0
1097,1,0,0,0,1,0,0,0,106,0,0
1098,0,2,0,0,4,0,3,0,160,0,0
1099,0,0,0,0,0,0,0,0,199,0,0
1100,0,0,0,0,0,0,3,0,91,0,0
1101,2,1,0,0,0,0,0,0,166,0,0
1102,0,1,5,0,1,0,5,0,53,2,3
1108,11,0,14,0,0,0,9,0,36,0,0
1109,0,0,0,0,8,0,14,0,13,17,0
1110,0,0,0,0,1,0,2,0,2,0,0
1111,0,0,0,0,0,0,0,0,2,0,0
1113,4,0,0,0,0,0,0,0,0,0,0
1114,0,0,0,0,0,0,0,0,2,0,0
1115,0,0,0,0,0,0,0,0,0,1,0
1116,1,0,0,0,0,0,0,0,6,0,0
1118,7,0,0,0,0,0,0,0,11,0,0
1124,1,1,4,0,0,0,14,0,18,0,0
1125,1,1,0,0,0,0,0,0,10,0,0
1127,2,0,0,0,1,0,1,0,6,0,0
1128,5,0,6,0,0,0,0,0,34,0,0
1130,1,0,0,0,1,0,0,0,4,0,0
1132,0,0,0,0,1,0,0,0,7,0,0
1137,0,0,0,0,2,0,0,2,26,0,2
1140,2,0,0,0,0,0,1,0,8,0,0
1144,2,0,0,0,0,0,7,0,24,0,0
1145,0,2,0,0,0,0,0,0,2,0,0
1146,0,0,0,0,0,0,3,0,11,0,0
1148,3,0,0,0,0,0,13,0,26,0,0
1149,0,0,0,0,3,0,0,1,18,0,0
1150,0,2,0,0,1,0,0,0,24,0,0
1151,0,0,0,0,0,0,0,0,14,0,0
1152,0,3,0,0,2,0,40,0,23,0,0
1153,0,0,0,0,2,0,0,0,54,0,0
1154,0,2,0,0,0,0,0,0,18,0,0
1155,1,0,0,0,0,0,0,0,24,0,0
1156,0,0,0,0,3,0,4,0,65,0,0
1157,0,0,0,1,0,0,0,1,8,0,0
1158,0,0,1,0,0,0,0,0,7,25,1
1159,3,0,0,0,4,0,8,0,51,0,0
1160,0,0,0,0,0,0,7,0,69,0,0
1161,0,0,0,2,0,0,2,0,155,0,0
1162,0,1,0,0,1,0,2,0,43,0,0
1163,8,19,0,0,0,2,101,0,576,0,0
1164,4,0,0,0,3,0,8,5,207,0,0
1165,5,23,0,0,38,0,3,0,77,0,0
1166,0,2,0,0,7,0,0,0,141,0,0
1168,4,3,0,0,8,0,84,0,602,0,0
1177,0,0,0,0,0,0,0,0,0,0,0
1178,0,0,0,0,0,0,2,2,5,0,0
1180,4,3,0,0,19,0,69,0,14,0,0
1181,0,0,0,0,10,0,13,0,16,0,3
1182,1,0,0,0,0,0,5,0,3,0,0
1183,0,0,0,0,0,0,2,0,1,0,0
1188,3,1,0,0,1,0,0,0,7,0,0
1189,0,0,0,0,0,0,0,0,4,0,0
1190,10,0,0,0,0,0,3,0,23,0,0
1191,0,0,0,0,0,0,3,0,46,0,0
1192,0,1,0,0,4,0,1,0,4,0,0
1193,1,1,0,0,2,0,0,0,1,0,0
1194,0,2,0,0,14,0,6,4,11,0,0
1195,0,13,0,0,7,0,0,0,43,0,0
1197,0,0,0,1,0,0,0,0,35,0,0
1198,3,7,0,0,0,0,0,11,48,0,0
1199,0,3,0,0,11,0,0,0,45,0,0
1200,4,32,0,0,34,0,0,0,98,0,0
1201,0,5,0,0,0,0,0,0,31,0,0
1202,0,0,0,0,0,0,0,0,17,0,0
1203,0,0,0,0,0,0,0,0,74,0,0
1204,6,0,0,0,0,1,0,0,88,0,0
1205,3,0,0,3,3,2,5,0,35,0,0
1206,15,3,0,0,0,0,14,0,50,0,0
1216,0,0,0,0,0,0,1,0,0,0,0
1217,0,0,5,0,1,0,5,2,10,1,0
1218,0,0,0,0,8,0,6,13,11,0,0
1219,0,0,0,0,2,0,73,0,21,0,0
1220,0,0,0,0,0,0,4,0,0,0,0
1221,0,0,0,0,2,0,0,0,0,0,0
1222,0,0,0,0,0,0,1,0,0,0,0
1223,0,2,0,0,0,0,0,0,3,0,0
1226,1,0,0,0,1,0,0,0,3,0,0
1227,2,4,0,0,3,0,30,0,27,0,1
1228,1,1,0,0,2,0,4,0,26,0,0
1229,0,1,0,0,2,0,4,0,16,7,0
1230,0,2,0,0,1,0,0,0,2,0,0
1231,0,17,0,1,2,0,61,2,18,13,0
1232,0,9,0,0,2,0,0,0,101,0,2
1233,0,41,0,0,3,0,55,0,75,11,0
1234,0,8,0,0,7,0,28,0,31,0,1
1235,0,31,0,0,5,1,70,0,37,1,0
1236,2,8,0,0,1,0,0,0,59,0,0
1237,0,0,0,0,1,0,0,0,12,0,0
1238,0,8,0,0,4,0,8,0,154,0,0
1239,0,0,0,0,0,0,0,0,95,0,0
1240,0,5,0,0,0,0,0,0,47,0,0
1241,3,0,0,0,0,0,0,0,12,0,0
1242,0,5,0,0,3,0,0,0,46,0,0
1243,0,7,0,0,1,0,0,39,85,0,0
1244,0,1,0,0,0,0,0,0,60,0,0
1245,0,0,0,0,0,2,0,0,20,0,0
1253,0,0,0,0,1,0,0,0,3,0,0
1254,1,1,0,0,2,0,1,0,1,0,0
1255,0,1,0,0,1,0,0,0,10,0,0
1256,2,2,0,2,5,0,0,0,16,0,0
1257,0,0,0,0,1,0,1,0,2,0,0
1258,0,0,0,0,3,0,2,0,15,0,0
1259,0,4,14,0,5,0,2,0,29,0,0
1260,0,16,0,1,1,0,0,0,65,0,0
1261,3,25,0,0,2,0,4,6,24,0,0
1262,0,6,0,0,0,0,12,0,29,0,0
1263,0,401,0,0,0,0,3,0,8,0,0
1264,0,37,0,0,3,0,0,0,20,0,0
1265,0,50,0,0,6,0,9,0,46,0,0
1266,0,0,0,0,16,0,0,0,112,16,0
1267,3,116,0,0,0,0,0,0,22,0,0
1268,0,6,0,0,0,0,19,0,22,0,0
1269,0,0,0,0,3,0,0,0,74,0,0
1270,0,0,0,0,0,0,0,0,169,0,0
1271,1,4,0,0,1,0,3,0,19,0,2
1272,1,8,0,3,4,0,15,0,6,0,0
1273,2,25,7,0,6,0,0,0,103,0,3
1274,1,8,0,0,1,0,0,0,11,0,0
1275,1,165,0,0,1,0,1,0,8,0,0
1276,0,21,14,0,1,0,0,0,61,0,0
1278,0,8,0,0,23,0,0,0,90,0,0
1279,0,0,0,0,0,0,0,0,4,0,0
1280,0,9,0,1,9,0,2,0,130,0,0
1281,0,2,0,0,0,3,0,0,73,0,0
1282,0,5,0,0,5,0,0,0,15,0,0
1283,0,13,0,0,0,0,6,0,0,0,0
1284,0,0,0,0,0,0,0,0,12,24,0
1285,0,0,0,0,0,0,0,0,3,0,0
1286,0,5,11,0,0,0,7,26,34,0,0
1287,0,0,0,0,2,0,0,0,1,0,0
1288,1,10,2,0,2,1,0,4,11,0,0
1289,6,2,0,0,4,0,6,0,6,0,0
1290,53,14,0,0,7,0,7,0,51,6,0
1291,0,14,0,0,2,0,0,0,193,0,0
1292,0,2,0,1,0,1,2,0,47,0,4
1293,0,2,0,0,1,0,0,0,25,0,0
1296,0,0,0,0,0,0,0,0,13,0,0
1297,2,3,0,0,1,0,0,0,34,0,0
1298,0,0,0,0,2,1,0,0,93,0,0
1299,0,0,0,0,0,0,11,0,39,0,0
1300,0,1,0,0,0,0,1,0,6,0,0
1301,4,1,0,0,3,0,6,7,37,0,0
1303,0,0,0,0,0,0,3,0,0,0,0
1306,20,0,0,0,0,1,41,0,14,0,0
1308,0,0,0,0,0,0,8,0,12,0,0
1309,0,0,0,0,0,0,15,0,0,0,0
1310,0,0,0,0,0,0,0,0,35,0,0
1311,0,0,0,0,0,0,0,0,5,16,0
1312,0,3,0,0,14,0,233,0,0,43,0
1314,0,0,0,0,0,0,5,33,103,0,0
1315,0,0,0,0,2,0,0,0,0,1,0
1316,0,0,0,0,0,0,5,0,0,0,0
1318,0,0,0,0,0,0,31,0,0,4,0
1320,0,0,0,0,24,0,39,0,0,0,0
1327,0,0,0,0,0,0,13,2,4,0,1
1331,0,1,9,0,1,1,12,0,5,5,0
1332,0,0,0,0,0,0,0,0,0,0,0
1334,0,0,0,0,0,0,0,0,5,0,0
1338,7,0,0,0,0,0,20,0,8,15,0
1339,0,0,0,0,0,0,0,0,0,10,0
1340,0,0,0,0,0,0,6,0,0,0,0
1341,0,0,0,0,0,0,2,0,4,0,2
1342,0,0,0,0,4,0,5,0,2,0,0
1345,0,0,0,0,6,0,25,0,0,0,0
1347,0,2,0,0,0,0,9,0,19,0,0
1348,0,5,0,0,1,0,6,13,0,0,0
1349,0,0,0,0,0,0,7,0,9,0,0
1350,0,0,0,0,0,0,19,0,3,0,0
1351,1,0,0,1,0,0,1,0,4,1,0
1352,0,0,0,0,0,0,1,0,5,0,0
1353,0,0,0,0,1,0,15,0,2,0,0
1354,0,0,0,0,0,0,11,0,35,16,0
1355,3,0,0,0,0,0,5,0,8,29,0
1357,0,0,0,0,0,0,3,0,0,0,6
1358,0,0,0,0,21,0,32,0,8,2,3
1359,0,0,0,6,3,0,57,0,0,0,0
1360,0,0,0,0,10,0,8,0,19,3,0
1361,0,0,0,0,10,0,55,0,0,0,6
1362,0,0,0,0,0,0,0,0,4,0,0
1363,0,0,0,0,0,0,0,0,3,0,0
1364,0,0,0,0,0,0,7,0,0,0,0
1366,0,6,0,0,0,0,2,8,7,21,0
1367,2,0,0,0,0,0,2,0,3,0,0
1368,0,0,0,0,0,0,3,0,8,0,0
1370,1,0,0,0,1,0,1,0,1,0,2
1371,0,0,9,4,0,0,6,0,14,0,0
1372,0,0,0,0,0,0,12,7,34,0,0
1373,0,0,0,0,0,0,279,33,93,0,4
1375,0,0,0,0,0,0,2,0,14,0,0
1376,0,2,0,0,0,0,5,0,3,0,0
1377,0,0,0,0,2,0,5,18,86,27,0
1378,0,0,0,0,1,0,3,0,0,5,0
1379,0,0,0,0,0,0,3,0,3,0,0
1380,0,0,0,0,0,0,0,0,1,0,0
1381,0,1,0,0,0,0,10,0,6,0,0
1382,0,0,0,0,6,0,16,0,10,0,0
1383,0,0,8,0,0,0,7,0,11,1,3
1385,0,0,0,0,1,0,66,0,0,0,0
1386,0,0,0,0,0,0,19,0,5,0,0
1387,0,0,0,0,1,0,4,23,37,0,0
1388,0,0,0,0,0,0,76,0,24,0,0
1389,0,0,0,0,0,0,17,0,9,0,0
1390,0,0,0,0,0,0,10,0,0,0,0
1391,0,0,0,0,0,0,10,0,42,0,0
1392,0,0,0,0,0,0,37,31,3,0,0
1393,3,0,0,0,0,0,0,0,4,0,0
1394,0,0,0,0,0,0,32,0,4,0,0
1395,0,0,0,0,14,0,36,0,19,0,0
1396,0,0,0,0,0,0,0,0,5,0,0
1397,0,0,0,0,0,0,30,0,0,0,0
1398,0,0,0,0,2,0,15,0,5,0,0
1399,0,0,19,0,28,0,54,0,13,0,0
1400,0,0,0,0,2,0,36,9,25,0,0
1405,0,0,0,0,0,0,66,0,0,0,0
1406,0,0,0,2,0,0,0,0,4,0,0
1407,0,0,0,0,0,0,0,0,4,3,0
1408,0,0,0,0,0,0,128,0,16,40,0
1409,0,0,0,0,3,0,6,0,4,5,0
1410,0,0,0,0,0,0,15,0,10,0,0
1411,0,0,0,0,0,0,31,21,41,0,0
1412,0,0,0,0,0,0,6,0,0,0,0
1413,0,0,0,0,0,0,6,0,8,0,0
1414,0,0,0,0,0,0,27,0,0,0,0
1416,0,0,0,0,8,0,59,0,53,0,0
1418,0,0,0,0,0,0,41,0,3,0,0
1419,0,0,0,0,0,0,34,0,0,0,0
1420,0,0,0,0,1,0,13,0,1,0,0
1421,0,0,0,0,0,0,2,0,0,0,0
1422,0,0,0,0,0,0,11,0,0,15,0
1423,0,0,0,0,0,0,54,0,8,22,0
1426,2,0,0,0,0,0,8,0,16,0,0
1433,0,0,0,0,10,1,24,0,8,0,0
1436,0,0,0,0,12,0,47,0,9,0,7
1437,0,0,0,0,0,0,1,0,1,1,0
1438,0,0,0,0,11,0,21,0,0,0,9
1444,0,0,12,0,0,0,0,2,8,0,0
1445,1,1,0,0,5,0,0,0,15,1,0
1446,0,2,0,0,14,0,20,0,3,0,0
1447,0,2,0,1,1,0,1,0,2,0,0
1454,0,1,0,0,4,0,0,0,0,0,0
1455,0,2,0,0,0,0,0,0,1,1,0
1457,3,1,0,0,3,0,4,23,12,0,0
1458,0,2,0,0,1,0,0,0,29,4,0
1459,0,8,0,0,3,0,4,0,52,0,0
1460,4,10,0,0,0,0,0,0,37,0,0
1464,0,1,0,0,0,0,0,0,3,0,0
1465,0,1,0,0,1,0,0,0,1,0,0
1466,0,0,11,0,0,0,0,0,0,0,0
1467,0,0,0,0,2,0,0,0,0,0,0
1468,0,0,0,0,13,2,18,0,0,6,0
1469,1,0,0,0,0,0,1,0,3,0,6
1472,0,0,0,0,0,0,1,0,9,0,0
1473,0,0,5,0,0,0,0,1,3,0,0
1474,0,0,0,0,1,0,0,0,0,0,0
1475,0,0,0,0,0,0,0,0,0,0,0
1476,0,1,0,1,9,0,0,0,5,0,0
1477,0,0,0,0,9,0,3,0,14,0,0
1478,5,0,0,0,0,4,0,0,42,0,0
1479,0,0,0,0,0,0,0,0,0,0,0
1482,1,0,0,0,0,0,0,0,4,0,0
1483,0,0,0,0,0,0,2,0,1,0,0
1485,0,0,0,0,5,0,3,0,17,0,0
1486,0,0,0,0,0,0,10,0,4,0,0
1487,0,2,0,0,2,0,6,0,4,0,0
1488,0,0,0,0,2,0,4,0,79,0,0
1489,0,0,0,0,0,1,54,0,0,0,0
1492,0,0,0,0,3,0,25,0,40,0,0
1493,1,0,0,0,1,0,3,0,19,0,0
1495,0,2,0,0,1,0,24,0,19,0,0
1496,2,0,0,0,1,0,5,0,38,0,0
1497,0,0,0,0,1,0,0,0,2,0,0
1498,4,0,0,0,0,0,8,0,21,0,0
1499,0,5,0,0,0,0,0,0,27,0,0
1500,0,0,0,0,0,0,19,0,151,0,0
1501,9,0,0,0,3,0,7,11,29,0,0
1502,0,2,15,0,0,1,34,0,10,0,0
1503,0,1,0,0,1,0,1,0,2,0,0
1504,0,0,0,0,0,0,70,0,31,0,0
1505,43,0,0,0,0,0,0,0,8,0,3
1506,3,1,0,0,2,0,6,0,9,0,0
1507,1,1,0,0,1,0,0,14,11,0,0
1508,0,9,0,0,2,0,9,0,26,0,0
1509,0,0,0,0,0,0,85,0,23,0,0
1510,0,0,0,0,0,0,0,0,21,0,0
1511,0,28,0,0,2,0,0,0,39,0,0
1512,6,6,0,0,0,0,0,0,5,0,0
1513,0,0,0,0,0,0,4,0,7,0,0
1514,0,0,0,0,0,0,18,0,1,0,0
1515,0,3,0,2,0,0,10,0,31,0,0
1516,0,1,0,0,1,0,4,0,5,0,0
1517,1,2,5,0,15,0,12,0,1,0,0
1518,0,0,0,0,0,0,0,0,29,0,0
1519,0,5,0,0,3,0,1,5,20,0,0
1520,0,4,0,0,40,0,5,0,41,0,0
1521,0,4,0,0,0,0,23,0,22,0,0
1522,1,0,0,0,1,0,26,0,4,0,2
1523,0,0,0,0,0,0,22,0,0,0,0
1524,1,1,0,0,0,0,0,0,0,0,0
1525,1,2,0,0,1,0,0,0,10,0,0
1526,2,0,0,0,0,0,11,0,0,0,0
1527,0,3,0,0,0,0,41,0,0,0,0
1528,0,2,0,0,0,0,2,40,0,0,0
1529,0,2,0,0,0,0,21,0,6,20,0
1530,2,5,0,0,6,1,34,20,46,0,0
1531,0,2,0,0,0,0,30,0,62,6,0
1532,0,0,0,0,0,0,5,0,0,0,0
1534,0,0,0,0,0,0,2,0,28,0,0
1535,0,1,0,0,2,0,5,0,6,0,0
1536,0,0,0,0,3,0,29,0,6,0,0
1537,9,0,10,0,0,1,21,0,8,0,3
1538,0,0,0,0,4,0,0,0,40,18,0
1539,0,0,0,0,0,0,0,0,10,0,0
1540,0,0,0,0,0,0,0,0,41,0,0
1541,0,0,0,0,0,0,6,0,52,0,0
1542,0,0,0,0,0,0,0,1,2,0,0
1543,0,0,0,0,0,0,0,0,38,0,0
1544,0,0,0,0,0,2,41,0,15,0,0
1545,0,1,0,0,12,0,3,0,6,0,0
1546,0,3,0,0,0,0,0,44,7,0,0
1547,3,0,0,0,0,0,12,0,9,1,0
1548,1,4,0,0,2,0,0,0,4,0,0
1549,3,1,0,0,5,0,0,0,51,0,4
1550,0,1,0,0,0,0,0,0,12,0,0
1551,0,15,0,0,5,0,45,0,33,0,0
1552,0,23,0,0,0,0,0,0,14,0,0
1553,0,1,0,0,0,0,12,0,0,0,0
1554,3,14,0,0,0,0,13,0,26,3,0
1555,0,0,0,0,0,1,0,0,10,0,0
1556,0,0,0,0,0,0,0,46,5,0,0
1557,0,0,0,0,0,0,5,0,0,0,0
1558,0,0,0,0,0,0,5,0,0,1,0
1559,0,52,0,0,0,0,19,0,9,34,0
1560,4,0,0,0,13,0,30,38,9,0,0
1561,0,2,0,0,0,0,9,0,0,0,0
1562,0,0,0,0,0,0,26,0,0,7,0
1563,0,0,18,0,0,0,31,15,15,3,0
1564,0,0,0,0,0,0,13,0,0,4,5
1565,0,0,0,0,0,0,16,0,31,39,2
1566,0,3,0,0,0,0,3,0,10,2,0
1567,0,0,0,0,0,0,0,0,25,0,2
1568,1,0,0,0,0,0,0,0,3,0,0
1569,0,0,0,0,0,0,0,0,4,2,0
1570,0,0,0,0,0,0,2,0,0,0,0
1571,0,0,0,0,13,0,5,0,0,0,0
1572,0,0,0,0,0,0,231,0,82,5,0
1573,0,0,0,0,0,0,5,1,7,0,1
1574,0,0,0,0,0,0,16,0,0,0,0
1575,0,1,0,0,10,0,20,0,5,0,0
1576,0,0,0,0,3,0,13,0,29,0,0
1577,1,0,0,1,1,0,24,0,20,0,0
1579,0,0,0,0,2,0,43,0,28,13,0
1580,2,1,5,0,6,0,13,1,14,24,4
1581,3,0,0,0,27,0,148,7,11,0,0
1582,0,0,0,0,0,0,19,0,17,0,8
1583,0,0,0,0,0,0,2,0,2,2,0
1585,0,0,0,0,0,0,28,0,0,6,0
1586,0,0,0,0,0,0,11,0,3,0,2
1587,0,0,0,0,0,1,5,0,7,0,0
1588,0,0,0,0,0,0,38,0,36,5,0
1589,1,0,0,0,2,0,68,2,4,2,4
1590,0,0,0,0,2,0,18,0,32,0,0
1591,0,0,0,0,0,0,27,9,25,0,0
1592,0,0,0,0,0,0,1,0,0,0,0
1593,0,0,0,0,0,0,2,0,0,0,0
1594,0,0,0,0,0,0,1,0,0,1,0
1595,0,0,0,0,1,0,13,0,0,4,0
1596,0,0,0,0,19,2,7,0,0,0,0
1598,0,0,0,0,0,0,42,0,7,0,0
1599,0,0,0,0,0,0,10,0,0,0,0
1600,0,0,0,0,0,2,11,0,6,0,0
1601,0,0,0,0,0,0,60,0,5,11,0
1602,0,0,0,0,0,0,2,13,5,0,0
1603,0,0,0,0,0,0,35,0,35,5,0
1604,0,1,0,0,0,0,28,3,0,16,0
1605,0,1,1,0,1,0,15,0,4,3,4
1606,0,0,0,0,0,0,50,0,9,5,0
1607,0,0,0,0,1,0,7,3,0,0,0
1608,0,0,0,0,0,0,0,0,6,0,0
1609,0,0,29,0,0,0,0,0,14,0,0
1610,0,0,0,0,0,0,13,62,84,0,0
1611,0,0,0,0,0,0,38,0,5,0,0
1612,0,0,0,0,0,0,1,0,0,0,0
1613,3,0,1,0,1,0,4,0,4,0,2
1614,0,0,3,0,0,0,12,0,0,0,0
1617,0,0,0,0,0,0,1,0,0,2,0
1618,0,1,0,0,12,0,11,0,15,5,0
1619,3,0,0,0,0,0,23,0,17,0,0
1620,0,0,0,0,6,0,15,6,1,0,0
1621,0,0,0,0,2,0,10,0,6,0,0
1622,0,1,0,0,1,0,2,0,0,0,0
1623,2,0,0,0,2,0,29,0,4,0,0
1624,6,0,0,0,0,0,1,0,2,0,0
1625,0,0,0,0,0,0,7,0,18,0,0
1626,0,0,0,0,0,0,6,0,10,0,0
1627,0,0,5,0,0,0,0,0,2,0,0
1628,0,0,0,0,0,0,4,0,0,0,0
1629,0,1,0,0,2,0,0,0,4,0,0
1630,0,0,0,5,7,0,9,45,33,0,0
1631,0,0,0,0,4,0,4,0,12,7,0
1632,1,0,0,0,4,0,6,1,3,0,0
1635,0,0,0,0,0,0,1,0,0,1,0
1636,0,0,0,0,0,0,0,0,44,0,0
1637,2,3,0,0,0,0,13,0,19,0,0
1638,0,0,2,0,3,0,0,0,66,0,0
1639,0,0,0,0,0,3,16,0,5,0,0
1640,0,1,0,0,0,0,5,1,7,0,0
1643,2,1,0,0,1,0,4,0,4,38,0
1644,2,0,0,0,0,1,45,0,0,0,0
1645,0,17,6,0,3,0,133,8,9,0,0
1646,2,1,0,0,0,0,69,0,3,0,2
1647,0,36,0,0,3,0,5,0,42,0,0
1648,0,0,0,0,0,0,46,65,22,8,0
1649,0,0,0,0,0,0,3,2,1,0,0
1650,2,0,8,0,0,0,0,0,12,0,0
1651,1,4,0,0,0,0,3,0,1,0,0
1652,0,0,0,0,0,1,36,0,0,0,0
1653,4,0,0,0,5,1,4,0,26,0,0
1654,0,0,26,0,3,0,2,0,5,9,0
1656,0,0,0,0,2,0,4,8,26,0,0
1659,4,5,0,0,0,0,0,0,4,6,2
1660,0,0,0,0,0,0,1,0,1,0,0
1661,1,1,0,0,17,2,26,7,15,0,5
1662,0,1,0,0,0,0,0,0,0,0,0
1663,0,0,0,0,0,0,3,0,4,0,1
1664,1,0,0,0,1,0,62,0,0,2,0
1665,0,2,0,0,14,4,0,0,52,0,0
1667,0,0,0,0,0,0,2,0,0,0,0
1669,0,0,0,0,3,0,3,0,15,0,0
1670,0,0,0,0,3,1,0,0,10,0,0
1671,0,0,0,0,11,0,4,0,70,0,0
1672,0,13,8,0,0,0,15,0,16,0,0
1673,0,0,0,0,0,0,8,0,19,3,0
1674,0,0,0,0,0,0,3,0,12,0,0
1675,0,3,0,0,22,0,23,0,64,7,0
1676,0,0,0,0,0,0,3,37,5,0,0
1677,10,22,0,0,0,1,0,0,3,0,0
1678,0,3,0,0,0,0,0,0,20,0,0
1679,0,0,0,0,0,0,24,0,6,0,0
1680,0,1,0,0,0,1,6,0,14,0,0
1681,2,0,0,0,0,2,0,0,92,0,0
1682,8,0,0,0,0,0,9,0,60,0,0
1683,0,30,0,0,0,0,62,0,16,0,0
1684,0,4,0,0,5,0,0,0,14,0,0
1685,5,2,0,0,6,0,0,0,29,0,0
1686,0,2,0,0,0,0,3,0,10,0,0
1687,0,0,0,0,0,0,0,0,6,0,0
1688,0,5,0,0,9,0,0,0,9,0,0
1689,0,2,0,0,4,0,16,26,56,0,0
1690,0,0,0,0,0,0,0,0,1,0,0
1691,0,0,0,0,0,0,0,0,4,0,0
1692,0,0,0,0,7,0,0,0,0,0,0
1693,0,13,0,0,0,0,0,0,79,0,0
1694,0,8,0,0,0,0,10,0,21,0,0
1695,0,0,0,0,0,0,0,25,61,0,0
1696,3,0,0,0,0,0,5,0,74,0,0
1697,0,1,0,0,0,0,17,0,2,0,0
1698,0,0,0,0,6,0,9,0,2,0,0
1699,0,0,0,0,13,0,0,0,2,0,0
1701,0,0,0,0,10,0,29,0,57,1,0
1703,0,0,2,0,0,0,15,0,0,0,0
1704,0,0,0,0,0,0,21,0,0,0,0
1705,0,0,0,0,10,0,40,0,46,1,0
1706,0,0,0,0,0,1,8,0,55,3,0
1708,0,0,0,0,0,0,0,0,0,5,0
1709,0,0,0,0,0,0,13,0,11,0,0
1710,0,0,15,0,0,0,14,0,0,5,0
1711,2,0,0,0,0,0,7,0,0,0,1
1712,13,0,0,0,0,0,5,0,16,0,0
1713,0,0,0,0,0,0,0,0,10,0,0
1716,0,0,0,0,0,0,0,0,0,1,0
1718,0,0,0,0,0,0,157,27,0,32,0
1719,0,0,0,0,11,0,31,31,12,14,0
1720,0,0,0,0,0,0,6,22,0,0,0
1722,0,0,0,0,0,1,69,19,0,4,0
1723,0,0,0,0,0,0,51,0,0,0,2
1724,0,10,0,0,0,0,16,21,9,50,0
1725,0,0,1,0,0,0,36,0,23,2,5
1726,5,1,0,0,32,1,82,24,64,0,3
1727,0,1,1,0,0,0,15,0,0,0,0
1728,0,0,0,0,0,3,0,0,23,17,0
1729,0,0,0,0,0,0,0,15,36,9,0
1730,0,0,0,0,0,0,3,0,0,0,0
1731,0,0,0,0,0,0,10,0,48,0,0
1732,0,0,0,0,0,0,0,0,0,1,0
1733,0,0,0,0,0,0,5,0,0,1,0
1734,0,0,0,0,0,0,37,0,0,1,0
1735,3,0,0,0,0,0,72,93,52,0,0
1736,0,0,0,0,0,0,0,9,5,3,0
1738,0,0,0,0,0,0,8,0,0,4,0
1740,0,0,0,0,0,0,0,0,3,0,0
1741,0,1,0,0,0,4,10,25,6,34,0
1742,0,2,0,0,10,0,37,0,21,13,0
1743,0,0,0,0,0,0,4,0,1,0,0
1745,0,0,0,0,0,0,0,0,10,0,0
1746,0,0,0,0,0,0,35,0,0,10,1
1747,0,0,0,0,0,0,31,31,0,36,0
1748,0,0,0,0,0,0,0,0,0,9,2
1749,11,0,0,0,10,0,125,0,44,10,2
1750,0,0,0,0,0,2,38,11,19,7,2
1751,8,0,0,0,0,0,15,0,0,20,0
1752,0,0,0,0,0,0,0,0,24,2,0
1753,0,0,0,0,5,0,33,0,13,0,0
1754,0,1,0,0,0,0,20,0,7,0,0
1756,0,0,0,0,0,0,0,7,0,3,0
1758,0,4,0,0,0,1,11,34,93,80,0
1760,2,0,0,0,8,1,58,9,10,24,0
1761,0,0,0,0,6,1,3,0,15,2,1
1762,0,0,0,0,0,0,0,0,0,1,0
1763,1,0,21,0,0,0,11,0,2,1,0
1764,1,1,0,0,0,0,7,9,1,5,1
1765,0,0,0,0,7,1,8,0,30,1,1
1767,0,0,0,0,0,0,0,0,2,2,0
1771,4,0,0,0,0,0,96,0,11,7,0
1772,0,0,0,0,0,2,192,0,25,0,0
1773,4,36,0,0,0,0,8,11,19,4,1
1774,0,0,0,0,0,0,3,0,0,4,0
1775,2,2,0,0,7,0,0,0,0,8,2
1777,0,0,0,0,0,0,0,12,7,11,0
1778,2,0,0,0,0,0,0,0,3,0,1
1779,0,2,0,0,0,0,5,35,4,5,1
1780,0,2,0,0,0,0,3,5,12,3,1
1781,0,1,0,0,0,0,6,0,2,0,1
1787,0,0,0,0,4,0,27,0,10,0,0
1788,0,0,0,0,0,0,172,0,0,0,8
1789,0,6,8,0,18,0,29,0,6,0,0
1792,0,0,0,1,6,0,18,0,15,0,0
1793,0,0,0,0,0,0,7,0,0,0,0
1794,0,1,0,0,6,0,11,11,22,0,0
1795,1,0,0,0,2,0,9,2,5,8,0
1796,2,0,0,1,0,0,8,9,46,0,1
1797,0,3,0,0,0,0,16,0,0,0,0
1799,0,0,0,0,0,1,24,0,12,0,0
1800,0,0,0,0,0,0,2,0,2,0,0
1801,4,0,0,0,0,0,0,0,80,0,2
1802,1,1,0,0,0,0,9,3,3,0,0
1803,2,0,5,0,0,0,0,0,27,0,0
1804,0,0,0,0,0,1,12,0,0,45,0
1805,1,0,0,0,3,0,3,0,8,22,0
1806,4,0,0,2,9,0,18,0,9,0,0
1807,0,0,0,0,0,0,7,0,3,0,0
1809,0,3,9,0,0,0,0,0,6,0,0
1810,0,0,0,0,0,0,10,0,0,0,0
1811,0,0,0,0,0,0,0,0,19,0,0
1812,0,0,0,0,0,0,0,0,11,0,0
1813,0,2,0,0,3,0,86,0,20,0,1
1814,0,0,0,0,0,0,0,14,10,0,1
1815,0,0,0,0,0,0,0,0,0,0,1
1816,0,5,0,0,0,0,0,0,6,0,0
1817,0,0,0,0,0,0,0,7,0,0,0
1819,0,0,0,0,0,0,6,0,7,0,1
1820,3,0,0,0,0,0,0,0,7,0,0
1821,0,0,0,0,4,0,0,4,0,0,0
1822,4,0,3,0,2,0,0,0,4,3,0
1823,0,0,0,0,0,0,5,0,7,0,0
1824,2,1,0,0,0,0,13,0,21,0,0
1825,0,0,0,0,0,1,67,0,29,26,1
1827,0,0,0,0,0,0,0,0,20,10,0
1829,0,1,0,0,3,0,0,23,9,0,0
1831,0,0,0,0,3,0,0,0,37,0,0
1833,0,1,0,0,0,0,3,0,19,0,0
1834,2,0,0,0,0,0,13,0,16,0,0
1835,0,0,0,0,2,0,14,0,6,0,1
1836,45,0,0,0,0,0,8,0,8,0,0
1837,0,0,0,0,0,0,22,0,20,0,0
1838,0,2,0,0,0,0,0,0,13,0,0
1839,0,0,0,0,0,0,6,0,0,0,0
1840,0,23,0,0,0,0,7,0,7,5,2
1841,13,0,16,2,0,0,24,0,32,0,0
1842,4,0,0,0,0,0,0,0,72,0,0
1843,0,7,3,0,0,0,0,0,19,0,1
1844,0,3,0,0,0,0,0,0,17,0,0
1845,0,0,0,1,4,0,8,0,0,0,0
1846,0,0,2,0,4,0,46,0,8,0,4
1847,0,0,0,0,3,0,73,0,13,3,0
1848,0,0,0,0,0,0,0,0,35,0,0
1849,0,0,0,0,0,0,5,3,3,0,0
1850,3,24,0,0,0,0,13,0,6,0,0
1852,0,0,0,0,14,0,39,5,3,0,0
1853,4,4,0,0,6,2,30,29,29,3,1
1854,4,0,2,0,17,0,0,21,61,0,0
1855,0,0,0,0,0,0,17,15,7,3,0
1856,0,0,0,0,0,0,65,0,0,0,0
1857,3,0,0,0,0,0,3,0,25,3,1
1858,0,0,0,3,0,0,0,0,42,0,0
1859,0,37,0,0,0,0,0,0,32,0,0
1860,3,0,0,0,0,0,11,37,14,0,0
1862,5,0,0,0,0,0,2,0,33,0,0
1863,0,0,0,0,3,0,0,12,8,6,1
1864,0,0,0,0,0,0,4,49,0,16,0
1865,0,0,0,0,0,1,60,0,20,0,0
1866,10,2,0,0,4,0,9,5,17,3,0
1867,2,0,0,0,4,0,9,0,71,1,0
1868,0,0,0,0,6,1,0,0,21,0,1
1869,0,0,0,0,0,0,17,0,12,18,1
1870,1,0,0,0,0,0,0,3,2,0,1
1872,0,0,0,0,0,0,0,0,1,0,0
1873,0,0,24,0,0,0,0,0,1,0,0
1874,0,0,0,0,0,0,0,0,9,0,0
1875,2,0,0,0,0,0,0,0,0,1,1
1876,0,0,0,0,0,0,0,0,0,2,1
1877,0,1,0,0,0,0,0,0,5,2,0
1878,0,0,0,0,5,0,5,0,3,6,2
1879,0,0,0,0,0,0,5,0,6,1,1
1880,1,1,0,0,2,0,10,0,7,1,3
1881,0,9,0,0,5,2,1,0,0,1,0
1882,0,0,0,0,0,0,44,42,46,4,0
1883,0,0,0,0,0,0,20,12,44,0,0
1884,0,0,0,0,0,0,0,0,7,0,0
1885,2,0,0,0,4,0,9,0,8,1,0
1887,0,0,0,0,0,0,1,0,12,0,0
1890,0,0,0,0,23,0,0,0,4,0,0
1891,0,0,0,0,0,0,0,17,0,0,0
1892,0,0,0,0,2,0,0,2,0,0,0
1893,0,0,0,0,7,0,1,0,4,22,0
1894,0,1,0,0,0,0,32,3,87,0,0
1895,8,0,17,0,0,0,6,5,25,0,0
1897,0,0,0,0,0,0,1,1,1,0,0
1898,0,0,0,0,0,0,4,5,97,2,2
1899,0,0,0,0,0,0,0,0,3,0,0
1900,0,0,0,0,0,0,0,0,12,1,0
1901,0,0,0,0,0,0,0,0,3,0,0
1902,0,0,0,0,0,0,0,0,1,0,0
1904,8,0,0,0,0,2,6,9,66,0,0
1905,3,0,0,0,0,20,77,0,7,0,0
1906,0,0,0,0,0,0,12,0,0,0,0
1909,0,7,0,0,1,0,0,2,2,1,2
1910,3,0,0,0,0,0,23,0,0,0,0
1911,0,0,0,0,0,0,0,46,0,0,0
1912,0,0,0,0,0,0,129,0,0,26,0
1913,0,0,0,0,0,0,0,0,8,1,0
1915,0,0,0,0,0,2,0,0,0,0,0
1916,0,0,0,0,0,0,0,0,6,33,1
1920,0,0,0,0,0,0,0,2,4,1,1
1921,0,0,0,0,0,0,0,4,0,4,0
1922,2,0,0,0,0,0,0,9,2,1,1
1923,0,0,0,0,0,0,0,0,0,1,1
1924,0,0,0,0,0,0,4,7,6,0,0
1926,0,0,0,0,0,0,0,0,25,0,0
1927,0,0,0,0,0,0,0,0,16,0,0
1929,0,0,0,0,0,0,0,8,10,0,1
1930,0,0,0,0,0,0,0,6,0,2,0
1931,0,0,0,0,0,1,11,0,10,6,1
1932,0,0,0,0,0,0,0,0,5,1,0
1933,0,0,0,0,0,0,72,0,104,0,0
1934,0,0,0,0,0,0,28,0,8,0,3
1935,0,0,0,0,0,0,0,0,0,0,3
1936,0,0,0,0,0,0,0,0,8,0,0
1937,0,0,19,0,0,1,0,0,12,0,0
1938,3,0,0,0,0,0,24,13,58,19,4
1939,0,0,0,0,0,0,0,17,54,0,1
1941,0,0,0,0,23,1,0,115,65,0,0
1942,0,0,0,0,0,1,0,0,9,0,0
1943,0,0,0,0,0,0,0,45,0,0,0
1944,3,0,0,0,0,0,0,5,7,0,0
1945,0,0,0,0,0,1,31,6,15,19,0
1946,0,0,0,0,0,0,0,0,0,1,0
1947,0,0,0,0,0,0,0,0,33,1,0
1948,0,0,0,0,0,0,13,0,0,8,0
1949,0,0,0,0,0,0,0,11,25,0,1
1950,0,0,0,0,0,0,4,0,5,2,0
1951,0,0,0,0,0,0,6,0,77,0,1
1952,0,0,0,0,0,0,19,0,5,0,0
1954,0,0,0,0,30,3,44,0,146,17,0
1955,0,0,0,0,2,1,43,5,0,10,3
1956,3,0,0,0,0,1,59,14,2,15,0
1957,0,0,0,0,0,0,0,125,0,18,0
1958,0,0,0,0,16,2,23,0,3,9,0
1959,0,0,0,0,0,14,25,6,0,3,0
1960,0,0,0,0,0,0,0,8,0,2,0
1961,0,0,0,0,0,0,1,0,1,1,0
1962,0,0,0,0,4,0,0,0,0,0,0
1963,0,0,0,0,0,0,0,0,1,0,0
1967,0,0,0,0,0,0,26,0,23,2,4
1968,0,0,0,0,0,0,0,0,0,2,4
1969,4,0,0,0,0,0,87,59,0,11,0
1970,0,0,0,0,0,0,0,2,2,1,0
1971,0,0,0,0,0,0,1,3,3,17,0
1972,0,0,0,0,0,0,0,0,3,0,0
1974,0,0,0,0,0,0,0,0,8,0,0
1975,0,0,0,0,0,0,80,0,26,0,0
1976,0,0,0,0,0,0,0,0,0,2,0
1977,0,0,0,0,0,0,5,5,12,1,0
1978,21,0,0,0,0,0,7,0,39,9,4
1979,0,3,0,0,0,0,6,5,48,1,0
1980,0,4,0,0,4,0,23,38,0,25,3
1981,0,0,0,0,0,0,3,3,0,4,0
1982,0,0,0,0,0,0,19,14,0,0,0
1983,3,0,0,0,1,2,60,15,60,0,0
1984,0,0,26,0,0,3,2,0,12,2,0
1985,0,1,0,0,0,0,2,4,4,0,0
1986,0,0,0,0,0,0,17,4,5,1,0
1987,0,0,2,2,0,0,1,0,3,0,0
1988,2,0,0,0,0,1,23,6,0,0,0
1996,1,0,0,0,0,0,0,0,47,3,0
1997,0,0,0,0,0,0,6,84,15,2,0
1998,0,0,0,0,0,0,0,0,0,5,0
1999,0,8,0,0,0,1,0,3,9,6,0
2000,0,0,0,0,0,0,68,13,0,0,0
2001,0,0,0,0,0,0,0,1,0,0,0
2002,0,0,0,0,0,2,0,27,13,10,0
2003,0,0,0,0,0,0,0,0,57,9,0
2006,0,0,0,0,0,0,0,7,0,0,0
2007,0,0,0,0,0,2,0,24,0,16,0
2010,0,0,0,0,0,0,22,0,9,9,0
2011,0,0,0,0,0,1,0,0,0,8,0
2012,0,0,0,0,0,0,104,0,8,8,0
2013,0,0,0,0,0,0,4,0,6,1,0
2014,0,0,0,0,0,0,0,0,1,2,0
2015,0,0,0,0,0,0,19,65,35,1,0
2016,0,0,0,0,0,2,0,35,27,2,0
2017,0,0,0,0,9,0,0,6,0,0,0
2018,0,1,0,0,0,0,0,0,1,0,0
2019,0,0,0,0,0,0,1,0,0,0,0
2020,0,36,0,0,0,0,0,0,0,2,0
2021,0,0,0,0,0,0,0,11,0,1,0
2024,0,0,0,0,0,0,0,0,14,44,0
2025,0,0,0,0,0,1,10,0,0,14,0
2026,0,0,0,0,0,0,0,9,0,2,0
2028,0,0,0,0,27,0,137,20,28,5,0
2029,0,0,0,0,0,57,25,61,14,5,0
2030,0,0,0,0,0,0,0,0,13,6,0
2031,0,0,0,0,0,0,11,0,12,0,0
2032,0,2,0,0,0,0,23,4,85,6,0
2033,0,0,0,0,0,2,9,0,30,0,6
2035,0,0,0,3,0,0,0,0,0,0,0
2037,0,0,0,0,0,0,0,7,0,1,0
2038,0,0,0,0,0,0,12,0,0,0,0
2039,2,9,0,0,0,1,15,16,125,11,0
2040,0,0,0,0,0,2,35,6,0,0,0
2041,0,0,0,0,0,0,0,7,0,21,0
2043,0,0,47,0,0,0,99,0,0,6,0
2044,13,0,0,0,0,1,0,0,12,0,0
2046,0,0,0,0,0,0,0,97,0,0,0
2047,0,0,0,0,0,1,0,22,0,22,0
2048,0,0,0,0,0,2,13,7,14,24,0
2051,0,0,0,0,0,3,0,0,0,5,0
2052,3,0,0,0,0,0,11,12,0,2,0
2053,0,5,0,0,0,4,10,16,22,24,0
2054,0,0,0,0,0,0,0,7,43,0,0
2055,0,0,0,0,0,0,169,105,0,7,0
2056,0,0,0,0,0,0,13,0,0,0,4
2057,0,0,0,0,0,1,7,11,0,0,0
2058,3,0,0,0,0,0,11,0,0,0,4
2062,3,0,0,0,0,0,11,37,13,13,0
2063,2,0,0,0,2,0,21,0,2,2,0
2064,0,1,0,0,0,0,0,2,3,4,0
2065,0,0,0,0,0,0,34,0,28,0,1
2066,5,0,0,0,2,1,0,7,39,48,0
2067,4,0,0,0,0,3,10,3,0,0,0
2068,0,0,0,0,10,0,0,38,42,0,0
2069,2,0,0,0,5,1,108,8,0,2,2
2070,0,0,0,0,0,1,63,76,0,6,0
2071,0,0,0,0,9,6,0,30,0,10,2
2072,0,0,0,0,0,5,64,7,28,14,4
2073,0,0,0,0,0,4,0,0,0,0,0
2074,0,0,0,0,0,0,8,0,0,1,0
2075,0,0,0,0,0,0,6,1,3,0,0
2076,0,0,0,0,0,0,0,0,0,0,0
2077,0,0,0,0,6,1,0,10,12,0,0
2078,2,0,0,0,0,0,0,3,0,3,0
2079,0,1,0,0,0,1,7,8,8,2,0
2080,2,0,0,0,0,1,0,0,0,0,0
2082,0,0,0,0,0,1,0,1,0,0,1
2086,0,0,0,0,0,0,0,0,31,8,0
2087,0,0,0,0,0,0,0,11,31,0,1
2088,0,0,0,0,0,0,104,4,0,6,0
2089,2,0,0,0,0,1,0,0,0,0,0
2090,0,0,0,0,0,0,11,12,12,0,0
2091,3,0,0,0,10,0,19,5,0,0,0
2092,0,0,0,0,0,0,0,0,11,2,0
2093,0,0,0,0,0,0,0,4,0,1,0
2094,0,0,0,0,0,1,55,2,0,3,0
2095,2,0,0,0,2,1,0,0,13,0,0
2096,0,0,0,0,0,0,0,0,10,0,0
2097,0,0,0,0,0,0,0,0,81,2,0
2098,0,0,0,0,0,1,0,0,0,0,0
2100,0,0,0,0,0,2,51,7,0,0,0
2101,0,2,0,0,0,0,0,0,66,4,0
2102,0,0,0,0,6,6,0,4,24,4,0
2103,0,0,0,0,0,0,0,0,6,0,0
2105,0,1,0,1,26,1,0,3,10,0,0
2106,0,0,0,0,0,0,0,0,63,0,0
2107,1,0,0,0,3,0,0,2,11,0,1
2108,1,0,1,1,2,2,22,4,20,7,0
2109,0,1,0,0,0,1,0,5,12,15,0
2110,1,0,0,0,4,0,0,0,8,0,0
2112,0,0,0,0,0,0,0,0,0,0,0
2113,0,0,0,0,0,0,0,1,0,0,0
2115,0,0,0,0,0,0,0,0,7,0,0
2117,1,0,0,0,1,0,0,4,9,0,0
2119,0,0,0,0,0,1,0,0,0,3,0
2120,0,0,0,0,0,0,0,5,0,4,0
2121,1,0,0,1,0,0,0,9,16,7,0
2122,0,0,0,0,0,0,0,1,3,1,0
2123,0,0,0,0,0,0,0,0,0,1,0
2124,3,0,0,0,0,0,12,57,0,0,0
2125,0,0,0,0,0,0,0,0,0,7,0
2126,0,0,0,0,0,0,15,8,56,0,0
2127,0,1,0,1,0,0,3,7,5,0,0
2129,0,0,0,0,0,2,16,124,26,8,0
2130,0,0,0,0,0,2,0,70,7,15,0
2132,0,0,0,0,0,0,0,46,0,4,0
2134,0,0,0,2,0,1,62,12,0,0,0
2135,0,0,0,0,0,17,14,7,26,0,5
2136,0,16,0,0,0,2,15,0,49,0,0
2137,0,0,0,0,0,0,150,8,0,0,0
2144,0,0,0,0,0,0,10,69,0,0,0
2145,0,3,0,0,0,0,0,39,7,0,0
2146,0,0,0,0,0,0,50,0,105,6,0
2147,0,0,0,0,0,7,0,16,7,0,0
2150,0,0,0,0,0,2,0,15,8,0,0
2151,0,0,0,0,0,2,0,0,33,0,0
2152,0,0,0,0,0,1,0,7,32,0,0
2155,0,0,0,0,0,0,15,16,7,22,5
2156,0,0,0,0,0,0,0,26,18,0,0
2158,0,0,0,0,0,1,0,0,1,0,0
2162,0,0,0,0,0,0,19,5,0,3,0
2164,0,0,0,0,0,0,0,3,0,0,1
2166,0,0,0,0,0,1,0,6,0,0,0
2167,0,0,0,0,0,1,0,27,0,1,0
2169,0,0,0,0,0,2,19,27,0,0,0
2173,0,0,0,0,0,0,0,0,0,3,0
2175,0,0,0,0,0,0,0,5,0,0,0
2178,1,0,0,0,0,0,4,7,0,0,0
2180,19,0,0,0,0,0,0,92,31,28,0
2181,0,0,0,0,0,1,15,13,25,10,0
2182,0,0,0,0,0,0,0,4,0,2,0
2183,0,0,0,0,0,3,18,5,0,7,0
2184,0,0,0,0,0,0,0,0,2,0,0
2186,0,0,0,2,0,0,0,0,0,0,0
2188,0,3,0,0,0,0,0,0,17,0,0
2189,0,0,0,0,0,0,0,0,11,0,0
2192,0,0,0,0,0,0,0,61,19,0,0
2195,0,0,0,0,2,0,0,0,0,0,0
2197,0,0,0,0,0,0,0,0,0,0,0
2418,0,0,0,0,0,0,0,543,0,0,0
2419,0,0,0,0,0,3,0,0,0,0,0
2459,0,0,0,0,3,2,0,174,17,0,0
2462,0,0,0,0,0,0,0,44,0,0,0
2463,0,3,0,0,0,0,0,121,17,42,0
2465,0,0,0,0,0,24,0,6,0,0,0
2466,0,0,0,0,0,13,0,20,0,8,0
2467,0,12,0,0,3,0,0,6,0,0,0
2468,0,0,0,0,0,0,0,5,0,0,0
2478,0,1,0,0,0,0,0,2,5,0,0
2479,0,0,0,0,0,0,0,13,67,0,0
2490,0,0,0,0,0,0,0,101,0,0,0
2492,0,0,0,0,0,0,0,7,0,0,0
2495,0,0,0,0,0,0,0,107,33,0,0
2496,0,0,0,0,0,3,0,15,0,0,0
2510,0,2,0,0,0,0,0,3,0,0,0
2513,0,0,0,0,0,1,0,31,0,0,0
2514,0,0,0,0,0,0,0,6,0,0,0
2522,0,0,0,0,0,3,0,33,16,0,0
2523,0,0,0,0,0,0,4,29,24,0,1
2524,0,3,0,0,6,0,0,0,17,0,0
2528,0,0,0,0,0,0,0,3,0,0,0
2530,0,0,0,0,0,2,0,8,0,0,0
2534,0,0,0,0,0,2,0,24,0,0,0
2535,0,0,0,0,0,0,4,14,35,0,0
2537,0,0,0,0,0,2,0,8,39,0,0
2539,0,0,0,0,0,3,0,39,0,0,0
2540,0,0,0,0,0,0,0,66,45,0,0
2541,0,0,0,0,0,1,0,40,0,0,0
2542,0,0,0,0,0,0,0,101,13,0,0
2543,0,0,0,0,0,0,0,12,3,0,0
2544,0,0,0,0,0,2,12,22,12,41,0
2554,0,8,0,0,0,1,0,0,0,0,0
2555,0,1,0,0,0,0,0,0,0,0,0
2557,0,0,0,0,0,0,0,3,21,0,0
2559,0,0,0,0,0,0,0,0,13,0,0
2561,0,0,0,0,0,2,0,8,13,0,0
2562,0,0,0,0,0,0,0,24,39,0,0
2563,0,0,0,0,0,0,0,24,39,0,0
2564,0,0,0,0,0,0,4,31,26,0,0
2567,0,0,0,0,0,0,0,94,0,0,0
2568,8,0,0,0,0,3,0,8,13,0,0
2570,0,0,0,0,0,0,0,3,4,0,0
2573,0,0,0,0,0,0,7,14,23,0,0
2574,0,0,0,2,0,2,0,16,0,15,0
2575,0,0,0,0,0,2,9,31,0,0,0
2576,0,0,0,0,0,1,18,54,0,0,0
2577,0,0,0,0,33,10,168,220,13,0,0
2578,0,0,0,0,0,0,0,8,0,0,0
2579,0,0,0,0,0,5,4,0,0,0,0
2580,0,0,0,0,0,0,0,63,0,0,0
2581,0,0,0,0,0,6,0,214,0,0,0
2583,0,0,0,0,0,2,0,8,0,0,0
2584,0,0,0,0,0,3,0,39,43,7,0
2585,0,0,0,0,0,17,0,8,0,0,4
2590,0,0,0,0,0,1,0,0,0,0,0
2591,0,2,0,0,0,0,0,0,0,0,0
2596,0,0,0,0,0,1,0,0,0,0,0
2597,0,0,0,0,0,5,0,0,0,0,0
2598,0,0,28,0,0,0,0,9,0,0,0
2604,0,0,0,0,0,1,0,0,0,0,0
2605,3,0,0,0,0,4,0,0,0,0,0
2606,0,0,0,0,0,2,0,0,0,0,0
2607,8,0,0,0,0,5,0,0,0,0,0
2608,0,0,0,0,0,0,0,4,0,0,0
2609,0,0,0,0,0,1,0,2,2,0,0
2610,0,0,0,0,0,1,0,0,0,0,0
2611,0,0,0,0,0,0,0,0,0,0,0
2612,0,0,0,0,0,8,0,31,0,0,0
2613,3,0,0,0,0,4,0,6,0,0,0
2614,0,0,0,0,0,2,0,13,0,0,0
2615,0,0,0,0,0,3,0,19,0,0,1
2616,0,0,0,0,0,1,0,6,0,0,0
2617,0,0,0,0,0,0,0,16,0,0,0
2618,0,0,0,0,0,0,0,5,1,0,0
2620,12,0,0,0,0,17,4,55,0,0,0
2621,0,0,0,0,0,0,0,8,0,0,0
2622,0,0,0,0,0,0,4,8,0,0,0
2624,0,0,0,0,0,0,0,8,0,0,0
2625,0,0,0,0,0,1,0,0,0,0,0
2626,0,0,0,0,0,1,3,19,0,0,0
2627,0,0,0,0,0,2,0,0,0,0,0
2628,15,0,0,0,0,5,0,0,0,0,0
2633,0,0,0,0,0,2,0,0,0,0,0
2634,0,0,0,0,0,1,0,0,0,0,0
2635,0,0,0,0,0,0,0,0,0,0,0
2636,0,0,0,0,0,0,0,0,0,0,0
2649,0,0,0,0,0,2,0,0,0,0,0
2651,0,0,20,0,0,12,15,0,7,0,0
2652,3,0,0,0,0,2,0,0,0,0,0
2654,0,0,0,0,0,0,0,159,70,0,0
2655,0,0,0,0,0,3,0,53,0,0,0
2657,0,0,0,0,0,0,0,4,0,0,0
2658,0,0,0,0,0,3,0,0,0,0,0
2661,1,0,0,0,0,0,0,12,0,0,1
2663,0,0,0,0,0,0,0,0,0,0,0
2664,0,0,0,0,0,1,0,1,0,0,0
2667,0,0,0,0,0,0,0,2,4,0,0
2668,0,0,0,0,0,0,0,11,0,0,0
2669,0,0,0,0,0,0,0,7,0,0,0
2670,0,0,0,0,0,0,0,3,0,0,0
2671,0,0,0,0,0,3,0,90,19,0,0
2672,0,0,0,0,0,4,0,7,0,0,0
2673,0,0,0,0,0,0,0,1,0,0,0
2674,8,0,0,0,0,0,0,26,0,7,0
2675,0,0,0,0,0,35,0,4,0,0,0
2676,0,0,0,0,0,10,0,4,0,0,0
2677,0,0,0,0,0,2,0,7,0,0,0
2678,0,0,0,0,11,0,0,18,0,0,0
2679,0,0,0,0,0,2,0,0,0,0,0
2680,0,0,0,0,0,3,0,4,0,0,0
2681,0,0,0,0,0,4,0,88,7,0,0
2682,0,0,0,0,0,3,0,6,0,0,0
2683,0,0,4,0,0,12,0,132,0,0,0
2684,0,0,0,0,0,50,0,16,0,6,0
2685,0,0,0,0,0,26,0,38,74,0,0
2686,0,0,0,0,0,2,0,16,0,0,0
2687,0,0,0,0,0,1,0,228,0,0,0
2688,8,0,0,0,0,35,0,5,0,0,0
2689,0,0,0,0,0,5,0,0,37,0,0
2690,3,0,0,0,0,1,0,7,7,6,0
2691,0,0,0,0,0,0,0,38,6,0,0
2692,0,0,0,0,0,1,0,9,0,0,0
2693,0,0,0,0,0,5,0,6,0,0,0
2694,0,0,0,0,0,12,42,25,35,0,0
2695,0,0,0,0,0,15,0,92,51,0,0
2696,0,0,0,0,0,2,0,10,7,1,0
2697,0,0,0,0,0,23,0,61,0,0,0
2698,0,0,0,0,0,1,0,7,7,0,0
2699,0,0,0,0,0,8,0,18,9,0,0
2700,3,0,0,0,0,6,0,7,0,0,0
2701,3,0,0,0,0,10,0,44,7,5,0
2702,1,0,0,0,0,0,14,15,0,0,0
2703,4,0,0,0,0,1,0,50,0,0,0
2704,12,0,0,0,0,17,0,39,9,0,0
2705,0,0,0,0,0,0,0,3,0,0,0
2707,0,0,0,0,0,0,0,4,0,0,0
2708,2,0,0,0,0,2,0,20,5,0,0
2709,8,0,0,0,0,0,52,44,0,0,0
2710,0,0,0,0,0,1,0,16,0,0,0
2711,0,0,0,0,0,0,0,6,0,0,0
2712,8,0,0,0,0,5,0,26,17,0,0
2713,0,0,0,0,4,0,0,9,2,0,0
2714,0,0,0,0,0,5,0,35,9,0,0
2715,0,0,0,0,0,3,0,61,9,0,0
2716,0,0,0,0,0,15,0,226,0,0,0
2717,0,0,0,0,0,2,0,6,0,0,0
2718,0,0,0,0,0,0,0,37,0,0,0
2719,0,0,0,0,0,12,0,13,9,0,0
2724,0,0,0,3,0,0,0,0,0,0,0
2725,0,0,0,0,0,0,0,4,17,0,0
2733,0,0,0,0,0,0,0,0,0,0,0
2734,0,0,0,0,0,0,0,4,0,7,0
2735,2,0,0,0,0,1,0,5,0,0,0
2736,0,0,0,0,0,0,0,1,0,0,0
2737,1,0,0,0,0,1,0,6,0,0,0
2738,3,0,0,0,0,1,0,19,0,0,0
2739,0,0,0,0,0,2,0,15,0,0,0
2740,0,0,0,0,0,10,0,38,0,0,0
2742,0,0,0,0,0,0,0,1,0,0,0
2743,0,0,0,3,0,7,0,33,0,0,0
2744,0,0,0,0,0,0,0,1,0,0,0
2745,0,0,0,0,0,0,0,2,6,0,0
2746,0,0,0,0,0,8,69,21,9,5,0
2747,0,0,4,0,0,23,0,99,0,0,0
2751,0,0,0,0,0,0,0,8,0,0,0
2752,0,0,0,0,0,3,0,75,6,3,0
2753,0,0,7,0,0,5,0,96,0,0,0
2754,0,0,0,0,0,20,0,38,0,0,0
2755,0,0,0,0,0,0,0,7,2,0,0
2756,0,0,0,0,0,2,0,8,0,0,0
2758,0,0,0,0,0,0,0,0,0,0,0
2759,0,0,0,0,0,1,0,3,0,0,0
2760,0,0,0,0,0,12,0,22,0,6,0
2762,0,0,0,0,0,0,0,1,0,0,0
2763,0,0,0,1,0,0,0,20,0,0,0
2764,0,0,0,0,0,3,0,11,0,0,0
2765,0,0,0,0,0,3,0,59,0,0,0
2766,2,0,0,0,0,3,0,13,0,0,0
2767,0,0,0,0,0,1,0,9,2,0,0
2769,0,0,0,0,0,1,0,14,2,0,0
2770,0,0,0,0,0,0,0,1,0,0,0
2771,0,0,6,0,0,2,0,6,0,0,0
2772,0,0,0,0,0,0,0,19,11,0,0
2773,0,0,0,0,0,1,0,7,0,0,0
2774,0,0,0,0,0,0,0,1,0,0,0
2776,0,0,0,0,0,17,0,41,15,2,0
2777,0,0,0,0,0,1,0,5,0,0,0
2778,0,0,0,0,0,10,0,2,0,0,0
2779,0,0,0,0,0,6,0,2,0,0,0
2780,0,0,0,0,0,0,0,0,0,0,0
2781,0,0,0,0,0,5,0,31,0,2,0
2782,0,0,0,0,0,1,0,3,0,0,0
2783,0,0,0,0,0,6,0,5,0,0,0
2784,0,0,0,0,0,3,0,74,0,0,0
2785,31,0,0,0,0,51,0,50,15,0,0
2786,0,0,0,0,0,6,0,5,0,0,0
2788,2,0,0,0,0,2,0,18,0,0,0
2791,0,0,0,0,0,0,0,2,0,0,0
2803,0,0,0,0,0,2,0,10,0,0,0
2804,0,0,0,0,0,11,0,144,38,0,0
2808,0,0,0,0,0,8,0,139,0,0,0
2809,4,0,0,0,0,0,0,51,0,0,0
2810,0,0,0,0,0,3,0,7,0,0,0
2811,0,0,0,0,0,2,0,16,0,0,0
2813,0,0,0,0,0,28,0,130,17,0,1
2815,0,0,0,0,0,5,0,38,0,0,0
2816,0,0,0,0,0,2,0,19,0,0,0
2818,0,0,0,0,0,37,0,13,0,0,0
2820,0,0,0,0,0,6,0,32,0,0,0
2821,0,0,0,0,0,3,0,11,10,0,0
2825,0,0,0,0,0,19,0,18,0,0,0
2826,0,0,0,0,0,8,0,11,0,0,0
2827,0,0,0,0,0,5,0,5,0,0,0
2828,0,0,0,0,0,38,0,50,0,0,0
2829,0,0,0,0,0,34,11,8,0,0,0
2830,0,0,0,0,0,10,0,10,0,0,0
2831,0,0,0,0,0,1,0,8,0,0,0
2832,0,0,0,0,0,34,0,198,0,0,0
2833,0,0,0,0,0,6,0,20,0,0,0
2834,5,0,0,0,0,35,0,138,0,0,0
2835,0,0,0,0,0,7,0,35,0,0,0
2836,0,0,0,0,0,0,0,4,1,0,0
2837,0,0,0,0,0,0,0,10,0,0,0
2838,0,0,0,0,0,4,46,8,0,0,0
2839,0,0,0,0,0,9,0,7,0,0,0
2840,0,0,0,0,0,18,0,74,34,0,0
2841,8,0,0,0,0,20,0,65,13,0,0
2842,0,0,0,0,0,8,0,14,33,0,0
2843,0,0,0,0,0,11,0,16,0,5,0
2844,0,0,0,0,0,6,0,37,26,8,0
2845,1,0,0,0,0,22,0,21,7,0,0
2846,0,0,0,0,0,9,4,15,2,0,0
2847,0,0,0,0,0,5,8,4,0,0,0
2848,0,1,5,1,0,82,31,0,13,0,0
2849,0,0,4,0,0,5,0,0,0,0,0
2850,0,0,0,0,0,3,0,0,0,0,0
2853,0,0,0,0,0,29,0,0,0,0,0
2854,0,0,0,0,0,22,0,0,7,10,0
2855,0,0,0,0,0,0,0,0,0,0,0
2856,0,0,0,0,0,7,0,0,0,0,0
2857,0,0,0,0,0,7,0,0,20,0,0
2858,0,0,0,0,0,7,0,0,0,0,0
2859,0,0,0,0,0,20,0,0,0,0,0
2861,0,0,3,0,0,1,0,0,1,0,0
2862,0,0,0,0,0,6,0,0,0,0,0
2863,0,0,0,1,0,23,0,0,0,0,2
2864,0,0,0,0,0,11,0,0,0,5,0
2865,0,0,0,0,0,44,0,108,1,9,0
2866,0,0,0,0,0,6,0,40,0,0,0
2867,0,0,0,0,0,11,0,46,1,0,0
2868,0,0,0,0,0,46,0,76,3,0,0
2869,0,0,0,0,0,32,0,0,0,0,0
2870,24,0,0,0,0,7,0,20,0,0,0
2871,0,0,0,0,0,30,0,572,0,0,0
2872,0,0,0,0,0,17,0,0,0,0,0
2873,0,0,0,0,0,12,0,18,17,0,0
2874,0,0,0,0,0,6,0,7,0,0,0
2875,0,0,0,0,0,0,0,0,0,0,0
2876,0,0,0,0,0,3,0,0,0,0,0
2877,0,0,0,0,0,15,0,0,0,0,0
2878,0,0,0,0,0,13,0,0,0,0,0
2879,0,0,0,0,0,0,16,4,0,4,0
2880,0,0,0,0,0,31,0,82,25,0,0
2881,0,0,0,0,0,0,0,31,0,0,0
2882,0,0,0,0,0,35,13,0,30,0,0
2883,0,0,0,0,0,0,0,0,0,0,0
2884,0,0,0,0,0,19,0,0,0,0,0
2886,0,0,0,0,0,25,0,0,0,0,0
2887,0,0,0,0,0,18,0,0,0,0,0
2888,1,0,0,0,0,4,0,14,0,0,0
2889,1,0,0,0,0,19,0,0,0,0,0
2890,0,0,0,0,0,4,0,0,0,0,0
2891,0,0,0,0,0,16,7,0,0,0,0
2892,0,0,0,0,0,22,0,0,0,0,0
2893,0,0,0,0,0,54,0,0,4,0,0
2894,0,0,0,0,0,118,0,121,5,0,0
2895,0,0,0,0,0,61,0,40,0,0,0
2898,0,0,0,0,0,0,0,0,1,0,0
2899,0,0,0,0,0,14,0,3,0,0,0
2900,0,0,0,0,0,16,0,332,0,0,0
2903,0,0,0,0,0,8,0,1,0,0,0
2904,3,0,7,0,0,161,32,13,0,0,0
2905,0,0,0,0,0,286,0,12,0,0,0
2906,0,0,0,0,0,110,0,13,0,0,0
2907,0,0,0,0,0,214,0,13,52,0,0
2908,0,0,0,0,0,20,0,6,0,0,0
2909,0,0,0,0,0,23,0,7,5,0,0
2910,0,0,0,0,0,14,0,14,0,0,0
2911,0,0,0,0,0,12,0,2,0,0,0
2913,0,0,0,0,0,30,0,43,0,0,0
2914,0,0,0,0,0,20,0,1,3,0,0
2915,0,0,0,0,0,16,0,9,0,0,0
2916,0,0,0,0,0,6,0,12,0,0,0
2917,0,0,0,0,0,7,0,7,0,0,0
2918,0,0,0,0,0,0,0,1,0,0,0
2919,0,0,0,0,0,30,9,121,0,0,0
2920,0,0,0,0,0,15,0,0,0,0,0
2921,0,0,0,0,0,10,0,0,0,0,0
2922,0,0,0,0,0,36,0,13,0,0,0
2924,0,0,0,0,0,3,0,2,0,0,0
2925,0,0,0,0,0,30,0,15,0,0,0
2927,0,0,0,0,0,70,0,15,0,0,0
2928,0,0,0,0,0,45,0,32,0,0,0
2929,0,0,0,0,0,62,0,34,9,0,0
2930,5,0,0,0,0,188,0,875,10,0,0
2931,1,0,0,0,0,47,0,309,1,0,0
2932,0,0,0,0,0,98,0,42,15,0,0
2933,4,0,0,0,0,714,0,284,0,0,0
2934,4,0,0,0,0,561,0,607,0,0,0
2935,8,0,0,0,0,181,0,72,16,0,0
2936,0,0,0,0,0,282,0,46,0,0,0
2937,0,3,0,0,0,765,0,2,0,0,0
2938,6,0,0,0,0,850,0,75,0,0,0
2939,13,0,0,0,0,5060,0,0,1,0,0
2940,0,0,0,0,0,588,0,50,0,0,0
2941,0,0,0,0,0,1095,0,35,16,0,0
2943,0,0,0,0,0,46,0,44,0,0,0
2944,4,0,0,0,7,1404,0,28,0,0,0
2946,0,0,0,0,0,8,0,80,0,0,0
2947,0,0,0,0,0,1,0,0,0,0,0
2950,0,0,0,0,0,0,0,0,0,0,0
2951,0,0,0,0,0,4,0,6,0,0,0
2952,0,0,0,0,0,5,0,21,0,0,0
2957,0,0,0,0,0,4,0,18,0,0,0
2958,0,0,0,0,0,2,0,0,0,0,0
2960,0,0,0,0,0,491,0,18,26,0,0
2961,0,0,0,0,0,220,0,39,0,0,0
2962,0,0,0,0,0,1,0,7,3,0,0
2963,0,0,0,0,0,225,0,2,0,0,0
2964,0,0,0,0,0,1085,0,1,0,0,0
2965,0,0,0,0,0,3,0,3,0,0,0
2966,0,0,0,0,0,4536,0,0,0,0,0
2967,0,0,0,0,0,4986,0,21,2,0,0
2968,0,0,0,0,0,48,0,9,1,0,0
2969,0,0,0,0,0,32,0,11,2,11,0
2970,4,0,0,0,0,393,0,15,0,0,0
2971,4,0,0,0,0,151,0,72,4,0,0
2972,1,0,0,0,0,4681,0,9,0,0,0
2973,0,0,0,0,0,274,0,25,0,0,0
2974,0,0,0,0,0,111,0,21,0,0,0
2975,1,1,0,0,0,21,0,3,0,0,0
2976,12,10,0,0,0,560,0,55,0,0,0
2977,2,0,4,0,0,70,0,26,0,0,0
2978,3,2,0,0,0,1556,0,26,0,0,0
2979,0,0,0,0,0,801,0,36,0,0,0
2980,0,0,0,0,0,52,0,21,3,0,0
2981,0,0,0,0,0,344,0,5,0,0,0
2982,0,0,0,0,0,10,0,2,0,0,0
2984,8,0,0,0,0,489,0,64,0,0,0
2985,0,0,0,0,0,2,0,0,0,0,0
2986,0,0,0,0,0,174,0,27,3,0,0
2987,3,0,0,0,0,431,0,88,5,0,0
2988,3,0,0,0,0,213,0,33,3,0,0
2989,0,0,0,0,0,34,0,1,0,0,0
2991,0,0,0,0,0,158,0,13,1,0,0
2992,10,0,0,0,0,1562,0,216,0,0,0
2993,7,0,0,0,0,931,0,66,0,0,0
2994,0,0,0,0,0,661,0,110,0,0,0
2995,10,0,0,0,0,199,0,25,0,0,0
2996,0,0,0,0,0,1,0,0,1,0,0
2997,0,0,0,0,0,1,0,1,0,0,0
2998,0,0,0,0,0,10,0,1,0,0,0
2999,0,0,0,0,0,9,0,21,0,0,0
3000,4,0,0,0,0,3,17,4,2,0,0
3001,10,0,0,0,0,40,8,26,0,0,0
3003,4,0,0,0,0,12,0,25,0,0,0
3004,0,0,0,0,0,35,0,1,8,0,0
3005,23,0,0,0,0,174,0,9,11,0,0
3006,0,0,0,0,0,31,4,7,0,0,0
3007,0,0,0,0,0,47,0,6,2,0,0
3008,2,0,0,0,0,53,0,11,1,0,0
3009,0,0,0,0,0,6,0,2,3,0,0
3010,0,0,0,0,0,20,0,16,0,0,0
3011,0,0,0,0,0,30,0,7,0,0,0
3012,0,0,0,0,0,13,0,13,0,0,0
3013,0,0,0,0,0,41,0,30,0,0,0
3014,0,0,0,0,0,119,0,17,37,0,0
3015,0,0,0,0,0,36,0,8,0,0,0
3016,4,0,0,0,0,108,0,2,0,0,0
3017,0,0,0,0,0,4,0,1,0,0,0
3020,0,0,0,0,0,36,0,6,0,0,0
3021,0,0,0,0,0,4,0,6,0,0,0
3022,0,0,0,0,0,8,0,5,0,0,0
3023,0,0,0,0,0,18,0,3,0,0,0
3029,0,0,0,0,0,7,0,1,0,0,0
3030,0,0,0,0,0,157,0,24,0,0,0
3031,0,0,0,0,0,3,0,1,0,0,0
3032,0,0,0,0,0,5,0,1,0,0,0
3035,0,0,0,0,0,2,0,4,0,0,0
3042,0,0,0,0,0,1,0,3,0,0,0
3051,0,0,0,0,0,1,0,4,0,0,0
3052,0,0,0,0,0,0,0,2,0,0,0
3055,0,0,0,0,0,5,0,0,0,0,0
3057,7,0,0,1,0,1,0,4,0,0,0
3058,0,0,0,0,0,14,0,3,0,0,0
3059,0,0,0,0,0,12,0,247,0,0,0
3060,0,0,0,0,0,2,0,6,0,0,0
3062,0,0,0,0,0,0,0,66,0,0,0
3063,0,0,0,0,0,0,0,3,0,0,0
3064,0,0,0,0,0,1,0,0,0,0,0
3065,0,0,0,0,0,2,0,19,0,0,0
3066,0,1,0,0,0,1,0,0,0,0,0
3067,0,0,0,0,0,4,0,48,0,0,0
3068,0,0,0,0,0,5,0,42,0,0,0
3071,0,0,0,0,0,0,0,3,0,0,0
3072,0,0,0,0,0,26,0,4,0,0,0
3073,0,0,0,0,0,8,0,7,0,0,0
3074,0,0,0,0,0,4,0,2,0,0,0
3075,0,0,0,0,0,6,0,8,0,0,0
3076,0,0,0,0,0,5,0,30,0,0,0
3077,0,0,0,0,0,9,0,31,0,0,0
3078,0,0,0,0,0,3,0,66,0,0,0
3079,0,0,0,0,0,9,0,32,0,0,0
3081,0,0,0,0,0,5,0,6,0,0,0
3083,0,0,0,0,0,1,0,3,0,0,0
3089,0,0,0,0,0,3,0,0,0,0,0
3090,0,0,0,0,0,1,0,0,0,0,0
3091,0,0,0,0,0,2,0,6,0,0,0
3092,0,0,0,0,0,0,0,6,0,0,0
3098,0,0,0,0,0,8,0,2,0,0,0
3099,0,0,0,0,0,30,0,27,79,0,0
3100,0,0,0,0,0,31,0,22,0,0,0
3101,0,0,0,0,0,32,0,5,0,0,0
3102,0,0,0,0,0,5,0,0,0,0,0
3104,0,0,0,0,0,4,0,85,0,0,0
3105,0,0,0,0,0,10,0,5,0,0,0
3106,0,0,0,0,0,7,0,0,0,0,0
3107,0,0,0,0,0,3,0,7,0,0,0
3108,0,0,0,0,0,7,0,0,0,0,0
3109,0,0,0,0,0,6,0,6,0,0,0
3110,0,0,0,0,0,2,0,32,0,0,0
3111,0,0,0,0,0,4,0,3,0,0,0
3112,0,0,0,0,0,3,0,0,0,0,0
3113,0,0,0,0,0,1,0,4,0,0,0
3114,0,0,0,0,0,20,0,26,0,0,0
3115,0,0,0,0,0,1,0,0,0,0,0
3116,0,0,0,0,0,4,0,9,0,0,0
3117,0,0,0,0,0,3,0,0,0,0,0
3118,0,0,0,0,0,2,0,26,0,0,0
3121,0,0,0,0,0,3,0,98,0,0,0
3122,0,0,0,0,0,1,0,2,0,0,0
3126,0,0,0,0,0,0,0,12,0,0,0
3128,0,0,0,0,0,2,0,0,0,0,0
3147,0,0,0,0,0,2,0,20,0,0,0
3179,0,0,0,0,0,2,0,0,0,0,0
3180,0,0,0,0,0,0,0,1,0,0,0
3183,0,0,0,0,0,1,0,2,0,0,0
3184,0,0,0,0,0,3,0,42,0,0,0
3188,0,0,0,0,0,5,0,51,0,0,0
3189,0,0,0,0,0,7,0,18,0,0,0
3190,0,0,0,0,0,2,0,71,0,0,0
3191,0,0,0,0,0,2,0,147,0,0,0
3192,0,0,0,0,0,2,0,0,0,0,0
3193,0,0,0,0,0,1,0,2,0,0,0
3194,0,0,0,0,0,1,0,5,0,0,0
3195,0,0,0,0,0,19,0,124,0,0,0
3196,0,0,0,0,0,3,0,82,57,0,0
3197,0,0,0,0,0,1,0,127,0,0,0
3198,0,0,0,0,0,0,0,82,0,0,0
3204,0,0,0,0,0,1,0,0,0,0,0
3209,0,0,0,0,0,4,0,8,37,0,0
3210,0,0,0,0,0,2,0,8,0,0,0
3211,0,0,0,0,0,2,0,0,0,0,0
3212,0,0,0,0,0,0,0,8,0,0,0
3221,0,0,0,0,0,0,0,18,0,0,0
3225,0,0,0,0,0,3,0,0,0,0,0
3261,0,0,0,0,0,0,0,1,0,0,0
3282,0,0,0,0,0,0,0,6,0,0,0
3288,0,0,0,0,0,0,0,7,0,0,0
3292,0,0,0,0,0,1,0,14,0,0,0
3295,0,0,0,0,0,0,0,174,0,0,0
3364,0,0,0,0,0,1,0,65,0,0,0
3372,0,0,9,0,0,0,0,0,0,0,0
3373,0,0,0,0,0,0,0,24,0,0,0
3420,0,0,0,0,0,0,0,210,0,0,0
3424,0,0,0,0,0,0,0,27,5,0,0
3425,0,0,0,0,0,2,0,19,0,0,0
3426,0,0,1,0,0,2,0,112,0,0,0
3428,0,0,2,0,0,0,0,0,31,0,0
3429,0,0,0,0,0,0,0,6,0,0,0
3432,0,0,4,0,0,0,0,0,0,0,0
3436,0,0,54,0,0,0,0,0,0,0,0
3443,0,0,0,0,0,8,0,0,0,0,0
3445,4,0,0,0,0,0,0,0,0,0,0
3450,0,0,22,0,0,0,0,0,0,0,0
3459,0,0,0,0,0,0,0,0,8,0,0
3460,0,0,0,4,0,0,0,0,0,0,0
3461,0,0,0,0,0,1,0,0,0,0,0
3467,0,0,0,5,0,0,0,0,0,0,0
3473,0,0,0,0,0,1,0,0,0,0,0
3478,0,0,0,2,0,0,0,0,0,0,0
3484,0,0,0,0,0,0,0,212,0,0,0
3485,0,0,3,0,0,0,0,0,0,0,0
3486,0,0,19,0,0,0,0,0,0,0,0
3491,0,0,3,3,0,0,0,0,0,0,0
3492,0,0,0,3,0,0,0,0,0,0,0
3497,0,0,0,4,0,0,0,0,0,0,0
3506,4,0,0,0,0,7,0,0,0,0,0
3508,0,0,0,0,0,6,0,1,0,0,0
3523,0,0,0,0,0,0,0,0,0,0,0
